ID,post_parent,post_type,post_title,post_excerpt,post_content,post_status,created_at,product_url,product_slug,product_reference,product_type,price,regular_price,discount_price,current_price,price_min,price_max,tax_rate,stock_status,stock_quantity,weight,length,width,height,image_id,gallery_ids,image_url,visibility,attributes_raw,product_category,tags,attributes_clean
35368,0,product,Matelas Inayya First,"Le matelas à mémoire de forme Inayya First, c'est l'alliance parfaite entre le latex haute densité et la mousse gel à mémoire de forme. Il vous offre un accueil inégalé.","[et_pb_section fb_built=""1"" _builder_version=""4.16"" custom_padding=""0px||||false|false"" global_colors_info=""{}""][et_pb_row _builder_version=""4.19.1"" background_size=""initial"" background_position=""top_left"" background_repeat=""repeat"" width=""100%"" custom_padding=""0px||0px||false|false"" hover_enabled=""0"" global_colors_info=""{}"" sticky_enabled=""0""][et_pb_column type=""4_4"" _builder_version=""4.16"" custom_padding=""|||"" global_colors_info=""{}"" custom_padding__hover=""|||""][et_pb_wc_breadcrumb _builder_version=""4.16"" global_colors_info=""{}""][/et_pb_wc_breadcrumb][et_pb_wc_cart_notice _builder_version=""4.16"" global_colors_info=""{}""][/et_pb_wc_cart_notice][/et_pb_column][/et_pb_row][et_pb_row column_structure=""1_2,1_2"" _builder_version=""4.16"" background_size=""initial"" background_position=""top_left"" background_repeat=""repeat"" width=""100%"" custom_padding=""0px||||false|false"" global_colors_info=""{}""][et_pb_column type=""1_2"" _builder_version=""4.16"" custom_padding=""|||"" global_colors_info=""{}"" custom_padding__hover=""|||""][et_pb_wc_images _builder_version=""4.16"" global_colors_info=""{}""][/et_pb_wc_images][/et_pb_column][et_pb_column type=""1_2"" _builder_version=""4.16"" custom_padding=""|||"" global_colors_info=""{}"" custom_padding__hover=""|||""][et_pb_wc_title _builder_version=""4.16"" global_colors_info=""{}""][/et_pb_wc_title][et_pb_wc_rating _builder_version=""4.16"" global_colors_info=""{}""][/et_pb_wc_rating][et_pb_wc_price _builder_version=""4.16"" global_colors_info=""{}""][/et_pb_wc_price][et_pb_wc_description _builder_version=""4.16"" global_colors_info=""{}""][/et_pb_wc_description][et_pb_wc_add_to_cart _builder_version=""4.16"" global_colors_info=""{}""][/et_pb_wc_add_to_cart][et_pb_wc_meta _builder_version=""4.16"" global_colors_info=""{}""][/et_pb_wc_meta][/et_pb_column][/et_pb_row][et_pb_row _builder_version=""4.16"" background_size=""initial"" background_position=""top_left"" background_repeat=""repeat"" width=""100%"" global_colors_info=""{}""][et_pb_column type=""4_4"" _builder_version=""4.16"" custom_padding=""|||"" global_colors_info=""{}"" custom_padding__hover=""|||""][et_pb_wc_tabs _builder_version=""4.16"" global_colors_info=""{}""]					[/et_pb_wc_tabs][et_pb_wc_upsells _builder_version=""4.16"" global_colors_info=""{}""][/et_pb_wc_upsells][et_pb_wc_related_products _builder_version=""4.16"" global_colors_info=""{}""][/et_pb_wc_related_products][/et_pb_column][/et_pb_row][/et_pb_section]",publish,2026-06-02 17:45:44,https://inayya.re//produit/matelas-inayya-first,matelas-inayya-first,,,,,,799.20,448.0,1039.2,,instock,,,,,,29163,"29165,29166,29167,29168,29169",https://inayya.re//wp-content/uploads/2026/02/inayya_matelasseul_1500x900.jpg,,"a:1:{s:9:""dimension"";a:6:{s:4:""name"";s:9:""Dimension"";s:5:""value"";s:68:""90x190cm | 120x190cm | 140x190cm | 160x200cm | 180x200cm | 200x200cm"";s:8:""position"";i:0;s:10:""is_visible"";i:1;s:12:""is_variation"";i:1;s:11:""is_taxonomy"";i:0;}}",Matelas,,Dimension: 90x190cm | 120x190cm | 140x190cm | 160x200cm | 180x200cm | 200x200cm
35369,0,product,Oreiller,"<p style=""font-size: 17px; color: #000000;"">Offrez-vous des nuits de <strong>sommeil réparateur</strong> avec notre <strong>oreiller ergonomique de qualité supérieure</strong>. Conçu pour offrir un confort inégalé et un soutien ergonomique, cet oreiller garantit <strong>un sommeil profond et revitalisant</strong>. Commandez dès maintenant!</p>","<h1 style=""color: red; font-size: 25px;""><strong>Oreiller Confortable et Ergonomique</strong></h1>
<h2 style=""color: #000000; font-size: 20px;""><strong>Un Oreiller pour Chaque Style de Sommeil</strong></h2>
<h3 style=""color: #000000; font-size: 19px;""><strong>Oreiller Mousse à Mémoire de Forme : Soutien Optimal</strong></h3>
<p style=""font-size: 17px; color: #000000;"">Si vous cherchez un soutien personnalisé, <strong>notre oreiller en mousse à mémoire de forme</strong> est la solution idéale. Grâce à sa technologie avancée, il épouse parfaitement les contours de votre tête et de votre cou, offrant un soutien inégalé pour <strong>une nuit de sommeil réparatrice</strong>. Que vous dormiez sur le dos, le côté ou le ventre, <strong>cet oreiller vous garantit un alignement optimal</strong> de la colonne vertébrale et une réduction des points de pression.</p>
<p style=""color: #000000; font-size: 18px;"">. <strong>Nos oreillers sont parfaits</strong> pour ceux qui préfèrent un oreiller plus moelleux et adaptable. En choisissant cet oreiller, vous optez pour <strong>une nuit de sommeil légère et aérienne</strong>, enveloppée dans une douceur incomparable.</p>

<h3 style=""color: #000000; font-size: 19px;""><strong>Oreiller Hypoallergénique : Propreté et Sécurité</strong></h3>
<p style=""font-size: 17px; color: #000000;"">Pour les personnes sensibles aux allergies, notre <strong>oreiller hypoallergénique</strong> est le choix parfait. <a href=""https://fr.wiktionary.org/wiki/antiallergique#:~:text=Qui%20ne%20provoque%20pas%20d,Notre%20linge%20est%20antiallergique."">Fabriqué à partir de matériaux anti-allergènes</a>, il empêche l'accumulation de poussière, d'acariens et autres allergènes courants. Cet<strong> oreiller offre non seulement un sommeil confortable</strong> mais aussi une tranquillité d'esprit, sachant que vous dormez dans un environnement propre et sain.</p>
<p style=""font-size: 17px; color: #000000;""><strong>Oreiller pour votre lit</strong>, concilie le confort unique de la <strong>mousse à mémoire de forme</strong> <strong>Memory</strong> Effect et les propriétés bénéfiques de l’Aloe Vera, naturellement relaxante et régénérante. L’oreiller épouse parfaitement les formes de la tête et de la nuque pour apporter plus de confort et réduire les maux de dos et les douleurs cervicales pour <strong>améliorer la qualité de votre sommeil</strong>.</p>

<ul style=""font-size: 17px; color: #000000;"">
 	<li style=""font-size: 17px; color: #000000;"">Dermato logiquement testé</li>
 	<li style=""font-size: 17px; color: #000000;"">Respirant, indéformable, hypoallergénique et anti-acarien</li>
 	<li style=""font-size: 17px; color: #000000;"">Housse de protection en pur coton</li>
 	<li style=""font-size: 17px; color: #000000;"">Dimension : 62x36x13.5cm</li>
</ul>",publish,2026-06-02 17:45:45,https://inayya.re//produit/oreiller,oreiller,,,0.0,0.0,,63.2,,,,instock,,,,,,29170,29172,https://inayya.re//wp-content/uploads/2026/02/inayya_oreillers_2_1500x900.jpg,,,Oreillers,,
35370,0,product,Sommier Tissu 3D,Le sommier Tapissier tissu 3D pour un confort meilleur et solidité durable.,"Notre sommier tapissier allie confort et solidité, spécialement conçu et « tropicalisé » pour le climat réunionnais et entièrement aéré grâce au tissu Air Flow. La norme PEFC garantit la gestion durable des forets. Sommier tapissier 360° tropicalisé, sa structure en bois d’épicéa 450 kg/m 3 lui garantit solidité et durabilité.",private,2026-06-02 17:45:45,https://inayya.re//produit/sommier-tissu-3d,sommier-tissu-3d,,,,,,990,299.0,990.0,,instock,,,,,,29173,,https://inayya.re//wp-content/uploads/2026/02/airflow-photo.jpg,,"a:2:{s:9:""dimension"";a:6:{s:4:""name"";s:9:""Dimension"";s:5:""value"";s:168:""90x190cm | 120x190cm | 140x190cm | 160x200cm | 160x200cm (2 sommiers de 80x200cm) | 180x200cm | 180x200cm (2 sommiers de 90x200cm) | 200x200cm (2 sommiers de 100x200cm)"";s:8:""position"";i:0;s:10:""is_visible"";i:1;s:12:""is_variation"";i:1;s:11:""is_taxonomy"";i:0;}s:7:""couleur"";a:6:{s:4:""name"";s:7:""Couleur"";s:5:""value"";s:19:""Gris | Bleu | Blanc"";s:8:""position"";i:1;s:10:""is_visible"";i:0;s:12:""is_variation"";i:0;s:11:""is_taxonomy"";i:0;}}",Sommiers,,Dimension: 90x190cm | 120x190cm | 140x190cm | 160x200cm | 160x200cm (2 sommiers de 80x200cm) | 180x200cm | 180x200cm (2 sommiers de 90x200cm) | 200x200cm (2 sommiers de 100x200cm). Couleur: Gris | Bleu | Blanc
35422,0,product,Luminaire Hypnos,"Grâce à une maîtrise parfaite de la technologie LED,
nous avons créé une solution efficace et 100% naturelle
d’aide à l’endormissement.","<span style=""font-weight: 400;"">L’être humain est doté d’une </span><b>horloge biologique</b><span style=""font-weight: 400;"">, dont le principal synchroniseur est la lumière. La découverte de l’interaction entre la lumière et notre cerveau date du début du siècle seulement. Les scientifiques ont découvert une glande au niveau de la rétine, dite glande à mélanopsine qui assure la synchronisation de l’horloge biologique. Un rythme désynchronisé entraîne </span><b>fatigue, troubles du sommeil, troubles de l’humeur</b><span style=""font-weight: 400;""> ainsi que le phénomène bien connu qu’est la </span><b>dépression</b><span style=""font-weight: 400;""> saisonnière. Au contraire, une bonne synchronisation de l’horloge biologique a un impact positif sur la</span><b> concentration, la mémorisation, les fonctions cognitives, le sommeil</b><span style=""font-weight: 400;"">. La lumière naturelle, en synchronisant l’horloge biologique de l’humain, a donc un réel impact sur notre bien-être.</span>
<h5><span style=""color: #00a6cf;""><strong>LE MANQUE D’EXPOSITION À LA LUMIÈRE NATURELLE</strong></span></h5>
<span style=""font-weight: 400;"">Le manque d’exposition à la lumière naturelle et l’utilisation prolongée d’écrans, notamment le soir, ont provoqué une diminution du temps de sommeil de la population de 1 heure, en 1 siècle !</span>
<h5><span style=""color: #00a6cf;""><strong>COMMENT CELA FONCTIONNE ?</strong></span></h5>
<span style=""font-weight: 400;"">Le luminaire Hypnos émet une lumière chaude, adaptée à l’habitat, qui est mélangée avec une lumière ambre qui a pour caractéristique de ne contenir aucune lumière bleue. L’utilisation, dans la soirée, d’une lumière de plus en plus ambrée permet d’accompagner naturellement le corps à la sécrétion de mélatonine ce qui va favoriser l’endormissement.</span>
<h5><span style=""color: #00a6cf;""><strong>COMMENT L’UTILISER ?</strong></span></h5>
<span style=""font-weight: 400;"">Il n y a pas de temps minimum d’allumage par jour, toute exposition le soir à une lumière contenant du bleu va retarder le sommeil.</span>

<span style=""font-weight: 400;"">Ce luminaire, contrairement à tout autre, permet des quantités de lumière bleue de faibles à nulles, suivant le mode. Il peut donc être utilisé comme éclairage d’ambiance le soir grâce à la lumière chaude, puis est à passer en ambre 30 à 60 min avant le coucher.</span>",publish,2026-06-02 17:45:51,https://inayya.re//produit/luminaire-hypnos,luminaire-hypnos,,,471.75,629,471.75,471.75,,,,instock,,,,,,29205,"29207,29208,29209,29210,29211",https://inayya.re//wp-content/uploads/2026/02/Lum-Hypnos-Chaud-02-300RVB_1500X900.jpg,,,Accessoires,,
35427,0,product,Pack DreamPlus,"<p style=""font-size: 17px;"">Plongez dans un sommeil de qualité avec le <strong>Pack DreamPlus</strong>, un pack TOUT-EN-UN d'Inayya pour des nuits de rêves. . Découvrez le <a href=""https://www.facebook.com/Inayya.re/?locale=fr_FR"">confort ultime et la qualité supérieure</a> qui transforment vos nuits en moments de détente et de régénération. Profitez vite de nos offres spéciales et remises exceptionnelles sur <strong>Packs DreamPlus</strong> dès maintenant!</p>","<h1 style=""font-size: 23px;""><strong>Pack DreamPlus : Le Choix Ultime pour un Sommeil Parfait</strong></h1>
<h2 style=""font-size: 20px;""><strong>Confort et Technologie de Pointe</strong></h2>
<p style=""font-size: 17px;""><strong>Le Pack DreamPlus</strong> se distingue par l'intégration de technologies de pointe pour un confort inégalé. Ce pack inclut <a href=""https://inayya.re/produit/matelas-37-5-90x190/"">un matelas innovant</a>, conçu pour épouser les contours de votre corps et offrir un soutien optimal.</p>
<p style=""font-size: 17px;"">Fabriqués en Italie, les <strong>matelas à mémoire de forme Inayya isopylast</strong> concentre les technologies qui vous offriront des nuits reposantes. Désormais disponible chez <strong>Inayya à la Réunion</strong>, ce matelas vous assure un <strong>sommeil réparateur</strong> et profond. Avec le <strong>Matelas inayya en mémoire de forme</strong>, vous profiterez d'un confort exceptionnel et un soutien optimal pour des nuits paisibles et revitalisantes.</p>

<h2 style=""font-size: 20px;""><strong>LE MATELAS FIRST</strong></h2>
<p style=""font-size: 17px;"">Le <strong>matelas à mémoire de forme Inayya First</strong>, c’est l’alliance parfaite entre le latex haute densité et <a href=""https://fr.wikipedia.org/wiki/Mousse_%C3%A0_m%C3%A9moire_de_forme#:~:text=La%20mousse%20%C3%A0%20m%C3%A9moire%20de,forme%20a%20un%20comportement%20visco%C3%A9lastique."">la mousse gel à mémoire de forme</a>. <strong>Meilleur matelas pour mal de dos,</strong> il vous offre un accueil inégalé sur 3 couches de mousse pour 24cm d’épaisseur et 145kg/m2 de densité cumulée :</p>

<h2 style=""font-size: 20px;""><strong>LE MATELAS 37.5</strong></h2>
<p style=""font-size: 17px;""><a href=""https://www.thirtysevenfive.com"">La technologie 37.5</a> au service de votre sommeil : respirabilité, gestion de l’humidité, confort et régulation du microclimat, <strong>un bon matelas pour mieux dormir.</strong> Cette technologie brevetée est unique et utilisée par d’importantes marques du sport telles qu’Adidas, Asics, Puma, Rip Curl ou Under Armour. <a href=""https://web.facebook.com/watch/?v=452264738735736"">Le tissu 37.5</a> est certifié <a href=""https://www.larousse.fr/dictionnaires/francais/hypoallerg%C3%A9nique/41145"">hypoallergénique</a>, testé par des laboratoires européens indépendants et par le US Olympic Training Center.</p>

<h3 style=""font-size: 20px;""><strong>LE SOMMIER</strong></h3>
<p style=""font-size: 17px;""><strong>Notre sommier tapissier</strong> allie confort et solidité, spécialement conçu et « tropicalisé » pour le<strong> climat réunionnais</strong> et entièrement aéré grâce au tissu Air Flow. <a href=""https://www.pefc-france.org/pefc-comment-ca-marche/#:~:text=La%20certification%20de%20la%20cha%C3%AEne,un%20produit%20fini%20certifi%C3%A9%20PEFC."">La norme PEFC</a> garantit la gestion durable des forêts. <a href=""https://inayya.re/produit/le-sommier-tissu-3d/"">Sommier tapissier 360°</a> tropicalisé, sa structure en bois d’épicéa 450 kg/m3lui garantit solidité et durabilité.</p>

<h3 style=""font-size: 20px;""><strong>L’OREILLER</strong></h3>
<p style=""font-size: 17px;""><strong>Oreiller inayya réunion</strong> qui concilie le confort unique de <a href=""https://inayya.re/mousse-a-memoire-de-forme-ou-ressorts-quel-est-le-meilleur/"">la mousse à mémoire de forme Memory Effect</a> et les propriétés bénéfiques de <a href=""https://fr.wikipedia.org/wiki/Aloe_vera"">l’Aloe Vera</a>, naturellement relaxante et régénérante. <strong>L’oreiller</strong> épouse parfaitement les formes de la tête et de la nuque associé à <strong>un matelas pour dos</strong> sensible peut vous  apporter plus de confort.</p>",publish,2026-06-02 17:45:51,https://inayya.re//produit/pack-dreamplus,pack-dreamplus,,,,,,890.4,750.4,2117.6,,outofstock,,,,,,29165,"29245,29172,29246,29218,29247,29248",https://inayya.re//wp-content/uploads/2026/02/D3X6764_1500x900.jpg,,"a:2:{s:7:""matelas"";a:6:{s:4:""name"";s:7:""Matelas"";s:5:""value"";s:68:""Matelas First+Sommier+2 Oreillers | Matelas 37.5+Sommier+2 Oreillers"";s:8:""position"";i:0;s:10:""is_visible"";i:1;s:12:""is_variation"";i:1;s:11:""is_taxonomy"";i:0;}s:9:""dimension"";a:6:{s:4:""name"";s:9:""Dimension"";s:5:""value"";s:175:""90x190cm (1 seul oreiller inclus) | 120x190cm (1 seul oreiller inclus) | 140x190cm | 160x200cm | 180x200cm | 180x200cm (2 sommiers 90x200cm) | 200x200cm (2 sommiers 100x200cm)"";s:8:""position"";i:1;s:10:""is_visible"";i:1;s:12:""is_variation"";i:1;s:11:""is_taxonomy"";i:0;}}",Packs,,Matelas: Matelas First+Sommier+2 Oreillers | Matelas 37.5+Sommier+2 Oreillers. Dimension: 90x190cm (1 seul oreiller inclus) | 120x190cm (1 seul oreiller inclus) | 140x190cm | 160x200cm | 180x200cm | 180x200cm (2 sommiers 90x200cm) | 200x200cm (2 sommiers 100x200cm)
35440,0,product,Le Pack Inayya,Découvrez notre <strong>pack Matelas Inayya et Sommier pour un sommeil réparateur</strong> et un soutien orthopédique. Économisez gros dès maintenant!,"<strong>Le Pack inayya</strong> vous offre un sommeil de rêve que vous n'avez jamais imaginé! Découvrez notre gamme exclusive de produits conçus pour révolutionner votre confort nocturne. Avec des <span style=""font-weight: 400;""><strong>matelas à mémoire de forme </strong></span>de qualité supérieure fabriqués en Italie, des surmatelas luxueux et des oreillers ergonomiques, le <strong>Pack inayya</strong> <span style=""font-weight: 400;""> concentrent les technologies qui vous </span>garantissent un repos réparateur et un réveil rafraîchi.
<h5><span style=""color: #00a6cf;""><strong>LE MATELAS FIRST…</strong></span></h5>
<span style=""font-weight: 400;"">Le matelas à mémoire de forme Inayya First est </span><strong>le plus adapté à votre morphologie,</strong> <span style=""font-weight: 400;"">c’est l’alliance parfaite entre le latex haute densité et la mousse gel à mémoire de forme. Il vous offre un accueil inégalé sur </span><b>3 couches de mousse</b><span style=""font-weight: 400;""> pour </span><b>24cm d’épaisseur</b><span style=""font-weight: 400;""> et </span><b>145kg/m2 de densité</b><span style=""font-weight: 400;""> cumulée :</span>
<h5><span style=""color: #00a6cf;""><strong>MOU LE MATELAS 37.5</strong></span></h5>
<span style=""font-weight: 400;""><a href=""https://blog.menfenil.com/textiles-innovants_37.5"">La technologie 37.5</a> au service de votre </span><strong>sommeil réparateur de haute qualité</strong><span style=""font-weight: 400;"">: respirabilité, gestion de l’humidité, confort et régulation du microclimat. </span><b>Cette technologie brevetée est unique et utilisée par d’importantes marques</b><span style=""font-weight: 400;""> du sport telles qu’</span><b>Adidas</b><span style=""font-weight: 400;"">, </span><b>Asics, Puma, Rip Curl</b><span style=""font-weight: 400;""> ou </span><b>Under Armour</b><span style=""font-weight: 400;"">. Le tissu 37.5 est certifié hypoallergénique, testé par des </span><b>laboratoires européens</b><span style=""font-weight: 400;""> indépendants et par le </span><b>US Olympic Training Center</b><span style=""font-weight: 400;"">.</span>
<h5><span style=""color: #00a6cf;""><strong>LE SOMMIER</strong></span></h5>
<span style=""font-weight: 400;"">Notre <strong>sommier tapissier</strong> allie confort et solidité, spécialement conçu et « tropicalisé » pour le climat réunionnais et entièrement aéré grâce au tissu Air Flow. <a href=""https://www.pefc-france.org/le-label-pefc/#:~:text=Le%20label%20PEFC%20garantit%20ainsi,dimensions%20environnementales%2C%20soci%C3%A9tales%20et%20%C3%A9conomiques."">La norme PEFC</a> garantit la gestion durable des forêts.</span> <span style=""font-weight: 400;"">Sommier tapissier 360° tropicalisé, sa structure en bois d’épicéa 450 kg/m3lui garantit solidité et durabilité.</span> <span style=""font-weight: 400;"">Matelas : </span> <a href=""https://inayya.re/produit/matelas-inayya-first-140x190/""><span style=""font-weight: 400;"">Matelas first</span></a> <a href=""https://inayya.re/produit/matelas-37-5-140x190/""><span style=""font-weight: 400;"">Matelas 37,5</span></a>",private,2026-06-02 17:45:55,https://inayya.re//produit/le-pack-inayya,le-pack-inayya,,,,,,827.2,687.2,1991.2,,instock,,,,,,29249,"29247,29251,29219,29166,29246,29252",https://inayya.re//wp-content/uploads/2026/02/inayya375_RDS0260_light_1500x900.jpg,,"a:2:{s:7:""matelas"";a:6:{s:4:""name"";s:7:""Matelas"";s:5:""value"";s:44:""Matelas First+Sommier | Matelas 37.5+Sommier"";s:8:""position"";i:0;s:10:""is_visible"";i:1;s:12:""is_variation"";i:1;s:11:""is_taxonomy"";i:0;}s:9:""dimension"";a:6:{s:4:""name"";s:9:""Dimension"";s:5:""value"";s:125:""90x190cm | 120x190cm | 140x190cm | 160x200cm | 180x200cm | 180x200cm (2 sommiers 90x200cm) | 200x200cm (2 sommiers 100x200cm)"";s:8:""position"";i:1;s:10:""is_visible"";i:1;s:12:""is_variation"";i:1;s:11:""is_taxonomy"";i:0;}}",Packs,,Matelas: Matelas First+Sommier | Matelas 37.5+Sommier. Dimension: 90x190cm | 120x190cm | 140x190cm | 160x200cm | 180x200cm | 180x200cm (2 sommiers 90x200cm) | 200x200cm (2 sommiers 100x200cm)
35504,0,product,SOMMIER TAPISSIER GRIS,"Structure en <strong>BOIS D’EPICEA</strong> : 15 à 20cm de hauteur avec une double barre centrale de renfort à partir de la largeur 140cm et une triple barre centrale de renfort à partir de la largeur 160cm.
<p class=""m_-6519697623441518693xxmsonormal"">Cache sommier : tissus noir respirant face matelas et tissus déco sur les côtés.<u></u><u></u></p>
<p class=""m_-6519697623441518693xxmsonormal"">Ouate de protection sur les lattes (150g/m²).</p>
<p class=""m_-6519697623441518693xxmsonormal"">-11 à 12 lattes passives (selon la longueur 190 ou 200 cm) de largeur 10cm qui offrent un soutien point par point au dormeur.</p>","<div class=""woocommerce-product-details__short-description"">

Ce<strong> sommier tapissier </strong>offre une <strong>touche cosy</strong> à votre chambre grâce à son aspect <strong>moderne et confortable </strong>et vous garantit des <strong>nuits douces et reposantes</strong>. Laissez-vous séduire par son design élégant, facile à assortir aux autres tissus de la <strong>chambre à coucher</strong>, comme les tapis ou les rideaux.

</div>",private,2026-06-02 17:46:06,https://inayya.re//produit/sommier-tapissier-gris,sommier-tapissier-gris,,,,,,499,149.0,499.0,,outofstock,,,,,,29327,29329,https://inayya.re//wp-content/uploads/2026/02/9-sommier-tessuto-grigio.jpg,,"a:1:{s:9:""dimension"";a:6:{s:4:""name"";s:9:""Dimension"";s:5:""value"";s:437:""Sommier tapissier 90x190 coloris Gris Foncé Hauteur 15cm | 120x190 | Sommier tapissier 140x190 coloris Gris Foncé Hauteur 15cm | Sommier tapissier 160x200 coloris Gris Foncé Hauteur 15cm | 180x200(90x200) | 200x200(100x200) | Sommier tapissier 140x190 coloris Gris Foncé Hauteur 20cm | Sommier tapissier 160x200 coloris Gris Foncé Hauteur 20cm | Sommier tapissier 200x200 ( 2 sommiers individuel 100x200cm) coloris Gris Hauteur 13cm"";s:8:""position"";i:0;s:10:""is_visible"";i:1;s:12:""is_variation"";i:1;s:11:""is_taxonomy"";i:0;}}",Sommiers,,Dimension: Sommier tapissier 90x190 coloris Gris Foncé Hauteur 15cm | 120x190 | Sommier tapissier 140x190 coloris Gris Foncé Hauteur 15cm | Sommier tapissier 160x200 coloris Gris Foncé Hauteur 15cm | 180x200(90x200) | 200x200(100x200) | Sommier tapissier 140x190 coloris Gris Foncé Hauteur 20cm | Sommier tapissier 160x200 coloris Gris Foncé Hauteur 20cm | Sommier tapissier 200x200 ( 2 sommiers individuel 100x200cm) coloris Gris Hauteur 13cm
35525,0,product,Pack DreamEco,"<strong>Pack DreamEco de Inayya</strong> est un pack révolutionnaire qui offre un confort exceptionnel à un prix abordable, vous permettant de profiter de nuits de sommeil réparateur sans compromettre votre budget.","Découvrez les secrets d'un sommeil réparateur à petit prix avec le <strong>Pack DreamEco d'Inayya</strong>. Ce pack révolutionnaire offre un confort exceptionnel à un prix abordable, vous permettant de profiter de nuits de sommeil réparateur sans compromettre votre budget.
<h5><span style=""color: #00a6cf;""><strong>LE MATELAS INAYYA ECO…</strong></span></h5>
Conçu avec un engagement envers la durabilité, notre<strong> matelas inayya Ecologique</strong> vous offre bien plus que <strong>des nuits paisibles</strong>. En effet, il est doté d'un accueil moelleux légèrement enveloppant et d'un soutien ferme excellent pour la colonne vertébrale, <strong>l'<em>Écolo</em> </strong>est le premier né de la gamme.
<h5><span style=""color: #00a6cf;""><strong>MOU ET CONFORTABLE - LE MATELAS INAYYA ECO</strong></span></h5>
Dans la quête d'un sommeil réparateur et confortable, le choix du <strong>matelas</strong> revêt une importance capitale. Le <strong>matelas Inayya Eco</strong> est loué pour ses qualités de confort et de soutien.

En effet, <strong>Inayya Eco</strong> est reconnu pour sa combinaison parfaite de douceur et de soutien. Sa surface moelleuse offre une sensation de bien-être dès le premier contact, tandis que ses <a href=""https://www.neorev.fr/blog/article/c-est-quoi-le-soutien-d-un-matelas"">couches de soutien</a> assurent un alignement optimal de la colonne vertébrale. Cette synergie entre confort et soutien permet à chacun de trouver sa position idéale pour dormir, favorisant ainsi un <strong>sommeil profond et réparateur</strong>.
<h5><span style=""color: #00a6cf;""><strong>LE SOMMIER TISSU 3D</strong></span></h5>
<span style=""font-weight: 400;"">Doté d'une structure solide et résistante, le <strong>sommier tissu 3D</strong> offre un soutien optimal à votre matelas et à votre corps. Sa conception polyvalente et sa capacité à s'adapter à différentes technologies de matelas en font un choix idéal pour tous les <a href=""https://inayya.re/produit/matelas-inayya-confort-plus-140x190/"">dormeurs en quête de confort</a> et de soutien.</span>

<span style=""font-weight: 400;"">Notre <strong>sommier Tissu 3D</strong> allie donc confort, solidité et est spécialement conçu « tropicalisé » pour le climat réunionnais, aéré grâce au du tissu Air Flow 3D.</span>

<span style=""font-weight: 400;"">Sa conception innovante, son soutien optimal et sa durabilité en font un choix de premier plan pour tous ceux qui recherchent des nuits paisibles et un <strong>sommeil réparateur</strong>.. <a href=""https://www.pefc-france.org/le-label-pefc/#:~:text=Le%20label%20%C2%AB%20Certifi%C3%A9%20PEFC%20%C2%BB%20avec,syst%C3%A8me%20de%20diligence%20raisonn%C3%A9e%20PEFC."">La norme PEFC</a> garantit la gestion durable des forêts.</span>

<span style=""font-weight: 400;""><strong>Sommier tissu 3D tropicalisé</strong>, sa structure en bois d’épicéa 450 kg/m3lui garantit solidité et durabilité.</span>

<span style=""font-weight: 400;"">Matelas : </span>

<span style=""font-weight: 400;"">Matelas Inayya Eco</span>

<span style=""font-weight: 400;"">Matelas Inayya Confort Plus</span>

<span style=""font-weight: 400;"">Matelas Inayya Luxe</span>",publish,2026-06-02 17:46:08,https://inayya.re//produit/pack-dreameco,pack-dreameco,,,,,,884.8,509.6,884.8,,instock,,,,,,29441,"29443,29444,29445,29441",https://inayya.re//wp-content/uploads/2026/02/Nouvelle-generation-de-matelas-1.jpg,,"a:2:{s:7:""matelas"";a:6:{s:4:""name"";s:7:""Matelas"";s:5:""value"";s:64:""Matelas Eco+Sommier+1 Oreiller | Matelas Eco+Sommier+2 Oreillers"";s:8:""position"";i:0;s:10:""is_visible"";i:1;s:12:""is_variation"";i:1;s:11:""is_taxonomy"";i:0;}s:9:""dimension"";a:6:{s:4:""name"";s:9:""Dimension"";s:5:""value"";s:32:""90x190cm | 140x190cm | 160x200cm"";s:8:""position"";i:1;s:10:""is_visible"";i:1;s:12:""is_variation"";i:1;s:11:""is_taxonomy"";i:0;}}",Packs,,Matelas: Matelas Eco+Sommier+1 Oreiller | Matelas Eco+Sommier+2 Oreillers. Dimension: 90x190cm | 140x190cm | 160x200cm
35528,0,product,Le Pack InayyaEco,"<p style=""font-size: 17px; color: #000000;""><strong>Découvrez le Pack InayyaEco </strong>: un lit alliant confort, style moderne et matériaux écologiques. Investissez dans un sommeil de qualité tout en respectant l'environnement.</p>","<h1 style=""font-size: 23px;""><strong>Pack InayyaEco : Le Choix Ultime pour un Sommeil Parfait</strong></h1>
<h2 style=""font-size: 20px;""><strong>Confort et Technologie de Pointe</strong></h2>
<p style=""font-size: 17px;""><strong>Le Pack InayyaEco</strong> se distingue par l'intégration de technologies de pointe pour un confort inégalé. Ce pack inclut <a href=""https://inayya.re/produit/matelas-37-5-90x190/"">un matelas innovant</a>, conçu pour épouser les contours de votre corps et offrir un soutien optimal.</p>
<p style=""font-size: 17px;"">Fabriqués en Italie, les <strong>matelas à mémoire de forme Inayya isopylast</strong> concentre les technologies qui vous offriront des nuits reposantes.
Désormais disponible chez <strong>Inayya à la Réunion</strong>, ce matelas vous assure un <strong>sommeil réparateur</strong> et profond. Avec le <strong>Matelas inayya en mémoire de forme</strong>, vous profiterez d'un confort exceptionnel et un soutien optimal pour des nuits paisibles et revitalisantes.</p>

<h3 style=""font-size: 20px;""><strong>L’OREILLER</strong></h3>
<p style=""font-size: 17px;""><strong>Oreiller inayya réunion</strong> qui concilie le confort unique de <a href=""https://inayya.re/mousse-a-memoire-de-forme-ou-ressorts-quel-est-le-meilleur/"">la mousse à mémoire de forme Memory Effect</a> et les propriétés bénéfiques de <a href=""https://fr.wikipedia.org/wiki/Aloe_vera"">l’Aloe Vera</a>, naturellement relaxante et régénérante. <strong>L’oreiller</strong> épouse parfaitement les formes de la tête et de la nuque associé à <strong>un matelas pour dos</strong> sensible peut vous  apporter plus de confort.</p>",publish,2026-06-02 17:46:08,https://inayya.re//produit/le-pack-inayyaeco,le-pack-inayyaeco,,,,,,758.4,446.4,758.4,,instock,,,,,,29441,"29441,29445,29444,29443",https://inayya.re//wp-content/uploads/2026/02/Nouvelle-generation-de-matelas-1.jpg,,"a:2:{s:7:""matelas"";a:6:{s:4:""name"";s:7:""Matelas"";s:5:""value"";s:19:""Matelas Eco+Sommier"";s:8:""position"";i:0;s:10:""is_visible"";i:1;s:12:""is_variation"";i:1;s:11:""is_taxonomy"";i:0;}s:9:""dimension"";a:6:{s:4:""name"";s:9:""Dimension"";s:5:""value"";s:32:""90x190cm | 140x190cm | 160x200cm"";s:8:""position"";i:1;s:10:""is_visible"";i:1;s:12:""is_variation"";i:1;s:11:""is_taxonomy"";i:0;}}",Packs,,Matelas: Matelas Eco+Sommier. Dimension: 90x190cm | 140x190cm | 160x200cm
35547,0,product,Pack DreamConfort,"<strong>Pack DreamConfort de Inayya</strong> est un pack révolutionnaire qui offre un confort exceptionnel à un prix abordable, vous permettant de profiter de nuits de sommeil réparateur sans compromettre votre budget.",,publish,2026-06-02 17:46:13,https://inayya.re//produit/pack-dreamconfort,pack-dreamconfort,,,,,,701.6,701.6,1710.4,,instock,,,,,,29392,"29173,29393,29457",https://inayya.re//wp-content/uploads/2026/02/Economisez-sur-le-Matelas-Inayya-Confort-Plus.jpg,,"a:2:{s:7:""matelas"";a:6:{s:4:""name"";s:7:""Matelas"";s:5:""value"";s:82:""Matelas Confort Plus+Sommier+1 Oreiller | Matelas Confort Plus+Sommier+2 Oreillers"";s:8:""position"";i:0;s:10:""is_visible"";i:1;s:12:""is_variation"";i:1;s:11:""is_taxonomy"";i:0;}s:9:""dimension"";a:6:{s:4:""name"";s:9:""Dimension"";s:5:""value"";s:113:""90x190cm | 120x190cm | 140x190cm | 160x200cm | 180x200cm (2 sommiers 90x200cm) | 200x200cm (2 sommiers 100x200cm)"";s:8:""position"";i:1;s:10:""is_visible"";i:1;s:12:""is_variation"";i:1;s:11:""is_taxonomy"";i:0;}}",Packs,,Matelas: Matelas Confort Plus+Sommier+1 Oreiller | Matelas Confort Plus+Sommier+2 Oreillers. Dimension: 90x190cm | 120x190cm | 140x190cm | 160x200cm | 180x200cm (2 sommiers 90x200cm) | 200x200cm (2 sommiers 100x200cm)
35553,0,product,Le Pack InayyaConfort,"Le sommeil est un pilier essentiel de notre santé et de notre bien-être. Avec le <strong>Pack InayyaConfort</strong>, vous investissez dans votre qualité de vie et votre bonheur. Offrez vous<strong> le luxe du sommeil ultime</strong> et découvrez une nouvelle dimension de confort.","Dans un monde où le sommeil devient de plus en plus précieux, le <a href=""https://inayya.re/comment-choisir-la-taille-ideale-de-votre-matelas/"">choix du bon <strong>matelas</strong></a> devient essentiel. C'est pourquoi nous vous présentons le <strong>Pack InayyaConfort</strong>, une expérience de sommeil exceptionnelle conçue pour vous offrir le repos dont vous avez besoin.
<h5><span style=""color: #00a6cf;""><strong>LE MATELAS INAYYA CONFORT PLUS…</strong></span></h5>
Le <strong>matelas Inayya Confort Plus</strong> est une révolution dans le domaine de la literie. Fabriqué avec des matériaux de haute qualité et doté d'une technologie innovante, ce matelas offre un soutien ergonomique et un confort supérieur pour <strong>un sommeil réparateur</strong>.
<h5><span style=""color: #00a6cf;""><strong>POURQUOI CHOISIR LE PACK INAYYACONFORT ?</strong></span></h5>
<h5><span style=""color: #00a6cf;""><strong>Un Confort Inégalé</strong></span></h5>
Le <strong>Pack InayyaConfort</strong> redéfinit le confort. Grâce à sa conception innovante et à ses matériaux de qualité supérieure, chaque nuit devient une expérience luxueuse. Son <strong>matelas ergonomique</strong> s'adapte parfaitement à votre corps, offrant un soutien optimal à chaque courbe.
<h5><span style=""color: #00a6cf;""><strong>Un Sommeil Réparateur</strong></span></h5>
<strong>Le sommeil</strong> est crucial pour notre bien-être mental et physique. Avec le <strong>Pack InayyaConfort</strong>, chaque nuit est une invitation au <strong>repos profond et réparateur</strong>. Dites adieu aux nuits agitées et accueillez chaque matin avec vitalité et énergie renouvelée.
<h5><span style=""color: #00a6cf;""><strong>CARACTERISTIQUES DU PACK INAYYACONFORT ?</strong></span></h5>
<h5><span style=""color: #00a6cf;""><strong>Matériaux de Haute Qualité</strong></span></h5>
Chaque composant du <strong>Pack InayyaConfort</strong> est sélectionné avec soin pour garantir une qualité optimale. De la mousse à mémoire de forme respirante au tissu hypoallergénique, chaque détail est pensé pour votre confort et votre bien-être.
<h5><span style=""color: #00a6cf;""><strong>Design Ergonomique</strong></span></h5>
Le design du <strong>matelas Confort Plus</strong> s'inspire de l'anatomie humaine, offrant un soutien ciblé là où vous en avez le plus besoin. Vous pouvez dire adieu aux douleurs au dos et aux courbatures, car le <strong>Pack InayyaConfort</strong> vous enveloppe dans un cocon de douceur.
<h5><span style=""color: #00a6cf;""><strong>LE SOMMIER TISSU 3D</strong></span></h5>
<span style=""font-weight: 400;"">Doté d'une structure solide et résistante, le <strong>sommier tissu 3D</strong> offre un soutien optimal à votre matelas et à votre corps. Sa conception polyvalente et sa capacité à s'adapter à différentes technologies de matelas en font un choix idéal pour tous les <a href=""https://inayya.re/produit/matelas-inayya-confort-plus-140x190/"">dormeurs en quête de confort</a> et de soutien.</span> <span style=""font-weight: 400;"">La conception innovante du <strong>sommier Tissu 3D</strong>, son soutien optimal et sa durabilité en font un choix de premier plan pour tous ceux qui recherchent des nuits paisibles et un <strong>sommeil réparateur</strong>.. <a href=""https://www.pefc-france.org/le-label-pefc/#:~:text=Le%20label%20%C2%AB%20Certifi%C3%A9%20PEFC%20%C2%BB%20avec,syst%C3%A8me%20de%20diligence%20raisonn%C3%A9e%20PEFC."">La norme PEFC</a> garantit la gestion durable des forêts.</span> <span style=""font-weight: 400;""><strong>Sommier tissu 3D tropicalisé</strong>, sa structure en bois d’épicéa 450 kg/m3lui garantit solidité et durabilité.</span> <span style=""font-weight: 400;"">Matelas : </span> <a href=""https://inayya.re/produit/matelas-inayya-eco-160x200/""><span style=""font-weight: 400;"">Matelas Inayya Eco</span></a> <a href=""https://inayya.re/produit/matelas-inayya-confort-plus-160x200""><span style=""font-weight: 400;"">Matelas Inayya Confort Plus</span></a> <a href=""https://inayya.re/produit/matelas-inayya-lux-160x200/""><span style=""font-weight: 400;"">Matelas Inayya Luxe</span></a>",publish,2026-06-02 17:46:13,https://inayya.re//produit/le-pack-inayyaconfort,le-pack-inayyaconfort,,,,,,918.4,638.4,1584.0,,instock,,,,,,29422,"29430,29173,29393",https://inayya.re//wp-content/uploads/2026/02/Decouvrez-les-Caracteristiques-du-Matelas-Inayya-Confort-Plus.jpg,,"a:2:{s:7:""matelas"";a:6:{s:4:""name"";s:7:""Matelas"";s:5:""value"";s:28:""Matelas Confort Plus+Sommier"";s:8:""position"";i:0;s:10:""is_visible"";i:1;s:12:""is_variation"";i:1;s:11:""is_taxonomy"";i:0;}s:9:""dimension"";a:6:{s:4:""name"";s:9:""Dimension"";s:5:""value"";s:113:""90x190cm | 120x190cm | 140x190cm | 160x200cm | 180x200cm (2 sommiers 90x200cm) | 200x200cm (2 sommiers 100x200cm)"";s:8:""position"";i:1;s:10:""is_visible"";i:1;s:12:""is_variation"";i:1;s:11:""is_taxonomy"";i:0;}}",Packs,,Matelas: Matelas Confort Plus+Sommier. Dimension: 90x190cm | 120x190cm | 140x190cm | 160x200cm | 180x200cm (2 sommiers 90x200cm) | 200x200cm (2 sommiers 100x200cm)
35559,0,product,Pack DreamLux,"le <strong>pack Inayya DreamLux</strong> incarne l'excellence en matière de sommeil. Avec son confort exceptionnel, son<a href=""https://blog.menfenil.com/textiles-innovants_37.5""> innovation technologique</a> et sa durabilité exceptionnelle, il est le choix idéal pour ceux qui recherchent une expérience de sommeil incomparable. Optez pour <strong>le pack Inayya DreamLu</strong>x dès aujourd'hui et découvrez la différence pour vous-même.","Dans un monde où le sommeil de qualité est devenu une priorité, le <strong>pack Inayya DreamLux</strong> se démarque comme une solution inégalée pour ceux qui recherchent le confort ultime et des nuits de rêve. En tant que leader dans l'industrie des <a href=""https://inayya.re/produit/matelas-inayya-lux-140x190/"">matelas de luxe</a>,<strong> Inayya</strong> offre une expérience de sommeil exceptionnelle, combinant innovation, confort et qualité.
<h5><span style=""color: #00a6cf;""><strong>LE MATELAS INAYYA LUX…</strong></span></h5>
Plongez dans le luxe ultime du sommeil avec <strong>le Matelas Inayya Lux</strong>. Conçu pour offrir un confort exceptionnel et un soutien optimal, ce matelas est le choix parfait pour des nuits reposantes.
<h5><span style=""color: #00a6cf;""><strong>POURQUOI CHOISIR LE PACK DREAMCONFORT ?</strong></span></h5>
Le <strong>pack Inayya DreamLux</strong> est conçu avec des matériaux de haute qualité pour offrir un confort absolu à chaque dormeur.<a href=""https://fr.wikipedia.org/wiki/Mousse_%C3%A0_m%C3%A9moire_de_forme#:~:text=La%20mousse%20%C3%A0%20m%C3%A9moire%20de,forme%20a%20un%20comportement%20visco%C3%A9lastique.&amp;text=La%20mousse%20%C3%A0%20m%C3%A9moire%20de%20forme%20peut%20%C3%AAtre%20utilis%C3%A9e%20pour,de%20matelas%20ou%20de%20coussins.""> Sa mousse à mémoire de forme</a> s'adapte parfaitement aux contours du corps, assurant un soutien optimal et réduisant les points de pression.

Parailleurs, il est dotée d'une technologies de pointe qui lui offre des fonctionnalités innovantes telles que la régulation de la température, garantissant un sommeil régulier et sans interruptions.
<h5><span style=""color: #00a6cf;""><strong>LONGIVITE ET SATISFACTION GARANTIE</strong></span></h5>
Fabriqué avec des matériaux de première qualité, <strong>le pack Inayya DreamLux</strong> est conçu pour durer. Son design robuste et sa construction de qualité garantissent une durabilité exceptionnelle, offrant des années de confort et de soutien.

Avec une garantie de satisfaction, le pack Inayya DreamLux vous assure une expérience de sommeil sans tracas et fait de la satisfaction client une de ses priorités.
<h5><span style=""color: #00a6cf;""><strong>LE SOMMIER TISSU 3D</strong></span></h5>
<span style=""font-weight: 400;"">Doté d'une structure solide et résistante, le <strong>sommier tissu 3D</strong> offre un soutien optimal à votre matelas et à votre corps. Sa conception polyvalente et sa capacité à s'adapter à différentes technologies de matelas en font un choix idéal pour tous les <a href=""https://inayya.re/produit/matelas-inayya-confort-plus-140x190/"">dormeurs en quête de confort</a> et de soutien.</span>

<span style=""font-weight: 400;"">La conception innovante du <strong>sommier Tissu 3D</strong>, son soutien optimal et sa durabilité en font un choix de premier plan pour tous ceux qui recherchent des nuits paisibles et un <strong>sommeil réparateur</strong>.. <a href=""https://www.pefc-france.org/le-label-pefc/#:~:text=Le%20label%20%C2%AB%20Certifi%C3%A9%20PEFC%20%C2%BB%20avec,syst%C3%A8me%20de%20diligence%20raisonn%C3%A9e%20PEFC."">La norme PEFC</a> garantit la gestion durable des forêts.</span>

<span style=""font-weight: 400;""><strong>Sommier tissu 3D tropicalisé</strong>, sa structure en bois d’épicéa 450 kg/m3lui garantit solidité et durabilité.</span>

<span style=""font-weight: 400;"">Matelas : </span>

<a href=""https://inayya.re/produit/matelas-inayya-eco-160x200/""><span style=""font-weight: 400;"">Matelas Inayya Eco</span></a>

<a href=""https://inayya.re/produit/matelas-inayya-confort-plus-160x200""><span style=""font-weight: 400;"">Matelas Inayya Confort Plus</span></a>

<a href=""https://inayya.re/produit/matelas-inayya-lux-160x200/""><span style=""font-weight: 400;"">Matelas Inayya Luxe</span></a>",publish,2026-06-02 17:46:14,https://inayya.re//produit/pack-dreamlux,pack-dreamlux,,,,,,815.10,526.9,1417.9,,instock,,,,,,29426,"29430,29173,29393",https://inayya.re//wp-content/uploads/2026/02/Matelas-Inayya-Lux.jpg,,"a:2:{s:7:""matelas"";a:6:{s:4:""name"";s:7:""Matelas"";s:5:""value"";s:64:""Matelas Lux+Sommier+1 Oreiller | Matelas Lux+Sommier+2 Oreillers"";s:8:""position"";i:0;s:10:""is_visible"";i:1;s:12:""is_variation"";i:1;s:11:""is_taxonomy"";i:0;}s:9:""dimension"";a:6:{s:4:""name"";s:9:""Dimension"";s:5:""value"";s:113:""90x190cm | 120x190cm | 140x190cm | 160x200cm | 180x200cm (2 sommiers 90x200cm) | 200x200cm (2 sommiers 100x200cm)"";s:8:""position"";i:1;s:10:""is_visible"";i:1;s:12:""is_variation"";i:1;s:11:""is_taxonomy"";i:0;}}",Packs,,Matelas: Matelas Lux+Sommier+1 Oreiller | Matelas Lux+Sommier+2 Oreillers. Dimension: 90x190cm | 120x190cm | 140x190cm | 160x200cm | 180x200cm (2 sommiers 90x200cm) | 200x200cm (2 sommiers 100x200cm)
35563,0,product,Le Pack InayyaLux,"le <strong>pack InayyaLux</strong> incarne l'excellence en matière de sommeil. Avec son confort exceptionnel, son<a href=""https://blog.menfenil.com/textiles-innovants_37.5""> innovation technologique</a> et sa durabilité exceptionnelle, il est le choix idéal pour ceux qui recherchent une expérience de sommeil incomparable. Optez pour <strong>le pack InayyaLux</strong> dès aujourd'hui et découvrez la différence pour vous-même.","Dans un monde où le sommeil de qualité est devenu une priorité, le <strong>pack </strong><strong>InayyaLux</strong> se démarque comme une solution inégalée pour ceux qui recherchent le confort ultime et des nuits de rêve. En tant que leader dans l'industrie des <a href=""https://inayya.re/produit/matelas-inayya-lux-140x190/"">matelas de luxe</a>,<strong> Inayya</strong> offre une expérience de sommeil exceptionnelle, combinant innovation, confort et qualité.
<h5><span style=""color: #00a6cf;""><strong>LE MATELAS INAYYA LUX PARFAIT - LE FONDEMENT …</strong></span></h5>
Plongez dans le luxe ultime du sommeil avec <strong>le Matelas Inayya Lux</strong>. Conçu pour offrir un confort exceptionnel et un soutien optimal, ce matelas est le choix parfait pour des nuits reposantes.
<h5><span style=""color: #00a6cf;""><strong>POURQUOI CHOISIR LE PACK INAYYALUX ?</strong></span></h5>
En investissant dans le <strong>Pack InayyaLux</strong>, vous investissez dans la qualité de votre sommeil et dans votre bien-être général.

Avec ses matelas de qualité supérieure, ses <a href=""https://www.linternaute.fr/dictionnaire/fr/definition/surmatelas/"">surmatelas luxueux</a>, ses oreillers ergonomiques et ses draps somptueux, Ce<strong> Pack Inayya</strong> vous offre une expérience de sommeil incomparable.

<span style=""font-weight: 400;"">Matelas : </span>

<a href=""https://inayya.re/produit/matelas-inayya-eco-160x200/""><span style=""font-weight: 400;"">Matelas Inayya Eco</span></a>

<a href=""https://inayya.re/produit/matelas-inayya-confort-plus-160x200""><span style=""font-weight: 400;"">Matelas Inayya Confort Plus</span></a>

<a href=""https://inayya.re/produit/matelas-inayya-lux-160x200/""><span style=""font-weight: 400;"">Matelas Inayya Luxe</span></a>",publish,2026-06-02 17:46:14,https://inayya.re//produit/le-pack-inayyalux,le-pack-inayyalux,,,,,,688.7,463.7,1291.5,,instock,,,,,,29386,"29461,29173,29429",https://inayya.re//wp-content/uploads/2026/02/Nouvelle-generation-de-matelas.jpg,,"a:2:{s:7:""matelas"";a:6:{s:4:""name"";s:7:""Matelas"";s:5:""value"";s:19:""Matelas Lux+Sommier"";s:8:""position"";i:0;s:10:""is_visible"";i:1;s:12:""is_variation"";i:1;s:11:""is_taxonomy"";i:0;}s:9:""dimension"";a:6:{s:4:""name"";s:9:""Dimension"";s:5:""value"";s:113:""90x190cm | 120x190cm | 140x190cm | 160x200cm | 180x200cm (2 sommiers 90x200cm) | 200x200cm (2 sommiers 100x200cm)"";s:8:""position"";i:1;s:10:""is_visible"";i:1;s:12:""is_variation"";i:1;s:11:""is_taxonomy"";i:0;}}",Packs,,Matelas: Matelas Lux+Sommier. Dimension: 90x190cm | 120x190cm | 140x190cm | 160x200cm | 180x200cm (2 sommiers 90x200cm) | 200x200cm (2 sommiers 100x200cm)
35568,0,product,SOMMIER TAPISSIER GRIS,"<p style=""font-size: 17px; color: #000000;"">Ce <strong>sommier tapissier avec 4 pieds</strong> offrira de la stabilité à leurs propriétaires. Grâce à ses lattes rigides, <strong>le matelas</strong> absorbera vos mouvements pendant votre sommeil.</p>
<p style=""font-size: 17px; color: #000000;"">Ce sommier au coloris gris constitué d'une solide structure en bois massif contribue grandement au confort de votre literie, pour des nuits apaisantes et réparatrices. Ce <strong>beau sommier tapissier</strong> s'intègre à merveille dans votre <a href=""https://www.artdeco.re/"">décoration</a>.</p>","<p style=""font-size: 17px;""><strong>Un sommier tapissier gris design</strong> est une base de lit recouverte de tissu et conçue pour <a href=""https://www.larousse.fr/dictionnaires/francais/sommier/73416"">offrir un soutien optimal au matelas</a>. Il se distingue par sa construction robuste et son design élégant qui s'intègre harmonieusement dans n'importe quelle <a href=""https://inayya.re/comment-choisir-la-taille-ideale-de-votre-matelas/"">chambre à coucher</a>.</p>

<h2 style=""font-size: 20px;""><strong>Avantages du sommier tapissier gris design</strong></h2>
<p style=""font-size: 18px;""><strong>Confort inégalé</strong></p>
<p style=""font-size: 17px;"">Le principal <strong>avantage du sommier tapissier gris design</strong> réside dans son confort exceptionnel. Grâce à sa surface plane et son <a href=""https://inayya.re/les-differents-types-de-matelas-pour-votre-sommier/"">système de soutien uniforme</a>, il réduit les points de pression et favorise un alignement correct de la colonne vertébrale, ce qui permet de prévenir les maux de dos et les douleurs articulaires.</p>

<h2 style=""font-size: 20px;""><strong>Durabilité et robustesse</strong></h2>
<p style=""font-size: 17px;"">Fabriqué avec des matériaux de haute qualité, <strong>le sommier tapissier gris design</strong> est réputé pour sa durabilité et sa robustesse. Il peut supporter efficacement le poids du dormeur ainsi que celui du matelas, assurant ainsi une longue durée de vie sans compromettre le confort.</p>

<h2 style=""font-size: 20px;""><strong>Design élégant</strong></h2>
<p style=""font-size: 17px;"">Outre ses performances exceptionnelles, le <strong>sommier tapissier gris design</strong> ajoute une touche d'élégance à toute chambre à coucher. Disponible dans une variété de couleurs et de finitions, il peut être facilement assorti au style existant de la pièce, créant ainsi un espace de sommeil à la fois confortable et esthétique.</p>

<h2 style=""font-size: 20px;""><strong>Adaptabilité à tous les types de matelas</strong></h2>
<p style=""font-size: 17px;"">Que vous préfériez <a href=""https://inayya.re/categorie-produit/confort-matelas/"">les matelas en mousse à mémoire de forme</a>, en latex ou à ressorts, le <strong>sommier tapissier gris design</strong> s'adapte parfaitement à tous les types de matelas. Cette polyvalence en fait un choix idéal pour tous les dormeurs, quels que soient leurs préférences en matière de confort.</p>

<h2 style=""font-size: 20px;""><strong>Assemblage et matériaux de qualité</strong></h2>
<p style=""font-size: 17px;"">Chaque <strong>sommier tapissier gris design</strong> est soigneusement fabriqué avec des matériaux de qualité supérieure et un souci du détail. Son assemblage précis garantit une stabilité maximale, tandis que ses matériaux de haute qualité assurent une performance optimale pendant de nombreuses années.</p>

<h3 style=""font-size: 20px;""><strong>Entretien facile</strong></h3>
<p style=""font-size: 17px;""><strong>L'entretien du sommier tapissier gris design</strong> est un jeu d'enfant. Avec un simple nettoyage régulier à l'aide d'un aspirateur et éventuellement d'un chiffon humide, vous pouvez garder <strong>votre sommier</strong> propre et frais tout au long de sa vie.</p>

<h3 style=""font-size: 20px;""><strong>Comparaison avec d'autres types de sommiers</strong></h3>
<p style=""font-size: 17px;"">Comparé aux <a href=""https://www.home24.fr/guide-achat-sommier-tapissier-a-lattes-differences/#:~:text=Sommier%20%C3%A0%20lattes%20%3A%20d%C3%A9finition,-Lit%20capitonn%C3%A9%20Atesio&amp;text=Un%20sommier%20%C3%A0%20lattes%20est,la%20mani%C3%A8re%20d'un%20squelette."">sommiers à lattes ou aux sommiers à ressorts</a>, <strong>le sommier tapissier gris design</strong> se distingue par son confort supérieur, sa durabilité accrue et son design plus moderne. Bien qu'il puisse être légèrement plus coûteux, son excellente qualité en vaut largement la peine sur le long terme.</p>

<h3 style=""font-size: 20px;""><strong>Où acheter un sommier tapissier Euro Design ?</strong></h3>
<p style=""font-size: 17px;""><strong>Le sommier tapissier Euro Design</strong> est disponible dans nos <strong>magasins de literie</strong> spécialisés ainsi que sur notre <a href=""https://inayya.re"">site de vente en ligne réputés</a>. Assurez-vous de choisir un revendeur de confiance pour garantir l'authenticité et la qualité du produit.</p>

<h4 style=""font-size: 20px;""><strong>Conclusion</strong></h4>
<p style=""font-size: 17px;""><strong>En investissant dans un sommier tapissier gris design</strong>, vous faites le choix d'un sommeil de qualité supérieure et d'un <a href=""https://inayya.re/quel-est-le-meilleur-matelas-pour-votre-confort/"">confort inégalé</a>. Sa construction robuste, son design élégant et sa compatibilité avec tous les types de matelas en font un choix idéal pour tous ceux qui accordent de l'importance à leur bien-être nocturne.</p>",publish,2026-06-02 17:46:14,https://inayya.re//produit/sommier-tapissier-gris-2,sommier-tapissier-gris-2,,,,,,990,299.0,990.0,,instock,,,,,,29462,29464,https://inayya.re//wp-content/uploads/2026/02/sommier-160-200-cronos-deco-grey_2.jpg,,"a:2:{s:9:""dimension"";a:6:{s:4:""name"";s:9:""Dimension"";s:5:""value"";s:578:""Sommier tapissier 90x190 coloris Gris Foncé Hauteur 15cm | 120x190 | Sommier tapissier 140x190 coloris Gris Foncé Hauteur 15cm | Sommier tapissier 160x200 coloris Gris Foncé Hauteur 15cm | 180x200(90x200) | 200x200(100x200) | Sommier tapissier 140x190 coloris Gris Foncé Hauteur 20cm | Sommier tapissier 160x200 coloris Gris Foncé Hauteur 20cm | Sommier tapissier 180x200 (90x200) coloris Gris Foncé Hauteur 20cm | Sommier tapissier 200x200 (100x200) coloris Gris Foncé Hauteur 20cm | Sommier tapissier 200x200 ( 2 sommiers individuel 100x200cm) coloris Gris Hauteur 13cm"";s:8:""position"";i:0;s:10:""is_visible"";i:1;s:12:""is_variation"";i:1;s:11:""is_taxonomy"";i:0;}s:16:""caracteristiques"";a:6:{s:4:""name"";s:17:""Caractéristiques"";s:5:""value"";s:25:""coloris gris Hauteur 15cm"";s:8:""position"";i:1;s:10:""is_visible"";i:1;s:12:""is_variation"";i:0;s:11:""is_taxonomy"";i:0;}}",Sommiers,,Dimension: Sommier tapissier 90x190 coloris Gris Foncé Hauteur 15cm | 120x190 | Sommier tapissier 140x190 coloris Gris Foncé Hauteur 15cm | Sommier tapissier 160x200 coloris Gris Foncé Hauteur 15cm | 180x200(90x200) | 200x200(100x200) | Sommier tapissier 140x190 coloris Gris Foncé Hauteur 20cm | Sommier tapissier 160x200 coloris Gris Foncé Hauteur 20cm | Sommier tapissier 180x200 (90x200) coloris Gris Foncé Hauteur 20cm | Sommier tapissier 200x200 (100x200) coloris Gris Foncé Hauteur 20cm | Sommier tapissier 200x200 ( 2 sommiers individuel 100x200cm) coloris Gris Hauteur 13cm. Caractéristiques: coloris gris Hauteur 15cm
35575,0,product,LIT INAYYA,"<p style=""font-size: 17px; color: #000000;""><strong>Découvrez le LIT INAYYA:</strong> confort exceptionnel, design moderne, et durabilité inégalée. Transformez votre chambre avec ce lit luxueux et fonctionnel.</p>","<h1 style=""font-size: 23px; color: #000000;""><strong>Le LIT INAYYA : Élégance, Confort et Durabilité</strong></h1>
<p style=""font-size: 17px; color: #000000;""><strong>Le choix d'un lit</strong> n'est pas anodin. Il joue un rôle crucial dans notre bien-être quotidien. <strong>Le LIT INAYYA</strong>, avec son design élégant et ses caractéristiques innovantes, se distingue comme un choix incontournable. Mais qu'est-ce qui rend ce lit si spécial? Explorons ensemble ses nombreux avantages.</p>
<p style=""font-size: 17px; color: #000000;"">Issu d'un désir de combiner design moderne et fonctionnalité, le LIT INAYYA a été conçu avec une attention méticuleuse aux détails. il répond aux besoins de ceux qui cherchent à transformer leur espace de vie en un havre de paix.</p>

<h2 style=""font-size: 20px;""><strong>Conception et Design</strong></h2>
<p style=""font-size: 17px; color: #000000;""><strong>Le LIT INAYYA</strong> est fabriqué à partir de matériaux de haute qualité, garantissant non seulement une apparence luxueuse mais aussi une grande résistance. Le bois massif utilisé est sélectionné pour sa robustesse et sa durabilité, assurant ainsi une longévité exceptionnelle.</p>
<p style=""font-size: 17px; color: #000000;"">Avec ses lignes épurées et son design contemporain, <strong>le LIT INAYYA s'intègre</strong> parfaitement dans tous <a href=""https://www.artdeco.re/les-tendances-de-decoration-dinterieur-a-suivre-en-2024/"">les styles de décoration intérieure</a>. Que vous ayez une préférence pour le minimalisme ou pour un style plus traditionnel, ce lit s'harmonisera sans effort avec votre décor.</p>

<h2 style=""color: #000000; font-size: 20px;""><strong>Fonctionnalité et Praticité</strong></h2>
<p style=""font-size: 17px; color: #000000;"">Une des caractéristiques les plus appréciées du<strong> LIT INAYYA est la polyvalence intégrée</strong>.</p>
<p style=""font-size: 17px; color: #000000;""><strong>Le LIT INAYYA </strong>est également très facile à entretenir. Les matériaux utilisés sont résistants aux taches et faciles à nettoyer, garantissant que votre lit reste en parfait état pendant de nombreuses années.</p>

<h3 style=""color: #000000; font-size: 20px;""><strong>Durabilité et Longévité</strong></h3>
<p style=""font-size: 17px; color: #000000;""><strong>La construction du LIT INAYYA </strong>est conçue pour durer. Chaque pièce est assemblée avec soin pour assurer une solidité et une stabilité à toute épreuve. Vous pouvez avoir l'esprit tranquille en sachant que votre lit résistera à l'épreuve du temps.</p>

<h3>Élégance et Confort Exceptionnels</h3>
<p style=""font-size: 17px; color: #000000;"">Découvrez le LIT INAYYA, une pièce maîtresse qui allie élégance et confort pour transformer votre chambre en un sanctuaire de détente. Conçu avec des matériaux de haute qualité, ce lit offre un soutien optimal et un confort inégalé. Le design raffiné et les finitions impeccables apportent une touche de luxe et de sophistication à votre espace.</p>

<h3 style=""font-size: 20px; color: #000000;""><strong>Les Avantages d'un Lit de Haute Qualité</strong></h3>
<p style=""font-size: 17px; color: #000000;""><span style=""font-weight: bold;"">Amélioration de la Qualité du Sommeil</span></p>
<p style=""font-size: 17px; color: #000000;""><strong>Un bon lit comme le LIT INAYYA </strong>peut transformer la qualité de votre sommeil. Les matériaux de haute qualité et la conception ergonomique assurent un soutien optimal, réduisant les douleurs corporelles et vous permettant de vous réveiller frais et dispos.</p>
<span style=""font-weight: bold;"">Réduction des Problèmes de Santé</span>
<p style=""font-size: 17px; color: #000000;"">Dormir sur un lit mal conçu peut entraîner divers problèmes de santé, comme des<a href=""https://inayya.re/matelas-et-sciatiques-quel-matelas-faut-il-choisir/""> maux de dos et des troubles du sommeil</a>. <strong>En optant pour le LIT INAYYA</strong>, vous <a href=""https://inayya.re/conseils-pour-mieux-dormir/"">investissez dans votre santé à long terme</a>. Un bon sommeil est crucial pour une vie saine et équilibrée.</p>
<span style=""font-weight: bold;"">Augmentation de la Productivité</span>
<p style=""font-size: 17px; color: #000000;""><strong>Un sommeil réparateur </strong>a un impact direct sur votre productivité. En dormant mieux, vous serez plus alerte et plus efficace au quotidien. <strong>Le LIT INAYYA </strong>vous aide à atteindre ce niveau de confort et de repos nécessaires pour exceller dans vos activités.</p>
<p style=""font-size: 17px; color: #000000;""><strong>Le LIT INAYYA</strong> ne se contente pas d’être beau, il est aussi incroyablement fonctionnel. Ses lignes épurées et son esthétique moderne s’intègrent parfaitement dans tout <a href=""https://www.artdeco.re/tendances-2024/"">type de décoration intérieure.</a> De plus, il est fabriqué avec une matière astucieuse pour maximiser l’espace de votre chambre, offrant des solutions pratiques sans compromettre le style.</p>",publish,2026-06-02 17:46:14,https://inayya.re//produit/lit-inayya,lit-inayya,,,,,,449,399.0,449.0,,outofstock,,,,,,29495,"29497,29498,29499",https://inayya.re//wp-content/uploads/2026/02/tete-de-lit-pour-matelas-scaled-1.jpg,,"a:2:{s:9:""dimension"";a:6:{s:4:""name"";s:9:""Dimension"";s:5:""value"";s:17:""140x190 | 160x200"";s:8:""position"";i:0;s:10:""is_visible"";i:1;s:12:""is_variation"";i:1;s:11:""is_taxonomy"";i:0;}s:16:""caracteristiques"";a:6:{s:4:""name"";s:17:""Caractéristiques"";s:5:""value"";s:394:""Tissu : 1) Tissu de canapé gris foncé 2) Tête de lit avec coussin, largeur 50cm, 0.5cm MDF+2cm mousse dans le rembourrage. 3) La hauteur de la tête de lit peut être ajustée en 3 étapes, avec des pieds en fer de 50x25x1mm 4) L'épaisseur du cadre de lit est de 50mm (45mm bois +5mm mousse) 5) La planche de lit est en forme de lattes, largeur 52mm, épaisseur 12mm. 6) 5 pieds pour le lit"";s:8:""position"";i:1;s:10:""is_visible"";i:1;s:12:""is_variation"";i:0;s:11:""is_taxonomy"";i:0;}}",Accessoires,,"Dimension: 140x190 | 160x200. Caractéristiques: Tissu : 1) Tissu de canapé gris foncé 2) Tête de lit avec coussin, largeur 50cm, 0.5cm MDF+2cm mousse dans le rembourrage. 3) La hauteur de la tête de lit peut être ajustée en 3 étapes, avec des pieds en fer de 50x25x1mm 4) L'épaisseur du cadre de lit est de 50mm (45mm bois +5mm mousse) 5) La planche de lit est en forme de lattes, largeur 52mm, épaisseur 12mm. 6) 5 pieds pour le lit"
35584,0,product,Le Pack Lit Eco,"<p style=""font-size: 17px; color: #000000;"">Le <strong>pack Lit Eco</strong> incarne l'excellence en matière de sommeil. Avec son confort exceptionnel, son<a href=""https://blog.menfenil.com/textiles-innovants_37.5""> innovation technologique</a> et sa durabilité exceptionnelle, il est le choix idéal pour ceux qui recherchent une expérience de sommeil incomparable. Optez pour <strong>le pack Lit Eco</strong> dès aujourd'hui et découvrez la différence pour vous-même.</p>","<p style=""font-size: 17px; color: #000000;"">Dans un monde où le sommeil de qualité est devenu une priorité, le <strong>pack Lit Eco</strong> se démarque comme une solution inégalée pour ceux qui recherchent le confort ultime et des nuits de rêve. En tant que leader dans l'industrie des <a href=""https://inayya.re/produit/matelas-inayya-lux-140x190/"">matelas de luxe</a>,<strong> Inayya</strong> offre une expérience de sommeil exceptionnelle, combinant innovation, confort et qualité.</p>

<h2 style=""color: #000000; font-size: 20px;""><strong>LE MATELAS INAYYA ECO PARFAIT - LE FONDEMENT …</strong></h2>
<p style=""font-size: 17px; color: #000000;"">Plongez dans le luxe ultime du sommeil avec <strong>le Matelas Inayya Eco</strong>. Conçu pour offrir un confort exceptionnel et un soutien optimal, <strong>ce matelas est le choix parfait</strong> pour des nuits reposantes.</p>

<h2 style=""color: #000000; font-size: 20px;""><strong>POURQUOI CHOISIR LE PACK LIT ECO ?</strong></h2>
<p style=""font-size: 17px; color: #000000;"">En investissant dans le <strong>Pack InayyaLux</strong>, vous investissez dans la qualité de votre sommeil et dans votre bien-être général.
Avec ses matelas de qualité supérieure, ses <a href=""https://www.linternaute.fr/dictionnaire/fr/definition/surmatelas/"">surmatelas luxueux</a>, ses oreillers ergonomiques et ses draps somptueux, Ce<strong> Pack Lit Eco</strong> vous offre une expérience de sommeil incomparable.</p>
<p style=""font-size: 17px; color: #000000;""><a href=""https://inayya.re/produit/matelas-inayya-eco-160x200/""><span style=""font-weight: 400;"">Matelas Inayya Eco</span></a></p>
<a href=""https://inayya.re/produit/matelas-inayya-confort-plus-160x200""><span style=""font-weight: 400;"">Matelas Inayya Confort Plus</span></a>

<a href=""https://inayya.re/produit/matelas-inayya-lux-160x200/""><span style=""font-weight: 400;"">Matelas Inayya Luxe</span></a>",publish,2026-06-02 17:46:18,https://inayya.re//produit/le-pack-lit-eco,le-pack-lit-eco,,,,,,718.4,622.4,718.4,,outofstock,,,,,,29500,"29502,29503,29504,29505",https://inayya.re//wp-content/uploads/2026/02/lit-tapissier-1-scaled-1.jpg,,"a:2:{s:7:""matelas"";a:6:{s:4:""name"";s:7:""Matelas"";s:5:""value"";s:15:""Matelas Eco+Lit"";s:8:""position"";i:0;s:10:""is_visible"";i:1;s:12:""is_variation"";i:1;s:11:""is_taxonomy"";i:0;}s:9:""dimension"";a:6:{s:4:""name"";s:9:""Dimension"";s:5:""value"";s:21:""140x190cm | 160x200cm"";s:8:""position"";i:1;s:10:""is_visible"";i:1;s:12:""is_variation"";i:1;s:11:""is_taxonomy"";i:0;}}",Packs,,Matelas: Matelas Eco+Lit. Dimension: 140x190cm | 160x200cm
35587,0,product,Le Pack Lit Confort,"<p style=""font-size: 17px; color: #000000;"">le <strong>pack Lit Confort</strong> incarne l'excellence en matière de sommeil. Avec son confort exceptionnel, son<a href=""https://blog.menfenil.com/textiles-innovants_37.5""> innovation technologique</a> et sa durabilité exceptionnelle, il est le choix idéal pour ceux qui recherchent une expérience de sommeil incomparable. Optez pour <strong>le pack Lit Confort</strong> dès aujourd'hui et découvrez la différence pour vous-même.</p>","<p style=""font-size: 17px; color: #000000;"">Le <strong>pack Lit Confort</strong> se démarque comme une solution inégalée pour ceux qui recherchent le confort ultime et des nuits de rêve. En tant que leader dans l'industrie des <a href=""https://inayya.re/produit/matelas-inayya-lux-120x190/"">matelas de luxe</a>,<strong> Inayya</strong> offre une expérience de sommeil exceptionnelle, combinant innovation, confort et qualité.</p>

<h2 style=""color: #000000; font-size: 20px;""><strong>LE MATELAS INAYYA CONFORT PARFAIT - LE FONDEMENT …</strong></h2>
<p style=""font-size: 17px; color: #000000;"">Plongez dans le luxe ultime du sommeil avec <strong>le Matelas Inayya Confort</strong>. Conçu pour offrir un confort exceptionnel et un soutien optimal, ce matelas est le choix parfait pour des nuits reposantes.</p>

<h2 style=""color: #000000; font-size: 20px;""><strong>POURQUOI CHOISIR LE PACK LIT CONFORT ?</strong></h2>
<p style=""font-size: 17px; color: #000000;"">En investissant dans le <strong>Pack InayyaLux</strong>, vous investissez dans la qualité de votre sommeil et dans votre bien-être général.
Avec ses matelas de qualité supérieure, ses <a href=""https://www.linternaute.fr/dictionnaire/fr/definition/surmatelas/"">surmatelas luxueux</a>, ses oreillers ergonomiques et ses draps somptueux, Ce<strong> Pack Lit Eco</strong> vous offre une expérience de sommeil incomparable.</p>

<h2 style=""color: #000000; font-size: 20px;""><strong>Matelas à mémoire de forme: </strong></h2>
<p style=""font-size: 17px; color: #000000;""><a href=""https://inayya.re/produit/matelas-inayya-eco-160x200/""><span style=""font-weight: 400;"">Matelas Inayya Eco</span></a></p>
<p style=""font-size: 17px; color: #000000;""><a href=""https://inayya.re/produit/matelas-inayya-confort-plus-160x200""><span style=""font-weight: 400;"">Matelas Inayya Confort Plus</span></a></p>
<p style=""font-size: 17px; color: #000000;""><a href=""https://inayya.re/produit/matelas-inayya-lux-160x200/""><span style=""font-weight: 400;"">Matelas Inayya Luxe</span></a></p>",publish,2026-06-02 17:46:19,https://inayya.re//produit/le-pack-lit-confort,le-pack-lit-confort,,,,,,918.4,918.4,1038.4,,outofstock,,,,,,29507,"29509,29510,29511,29512",https://inayya.re//wp-content/uploads/2026/02/ensemble-literie-confort-scaled-1.jpg,,"a:2:{s:7:""matelas"";a:6:{s:4:""name"";s:7:""Matelas"";s:5:""value"";s:20:""Matelas Confort +Lit"";s:8:""position"";i:0;s:10:""is_visible"";i:1;s:12:""is_variation"";i:1;s:11:""is_taxonomy"";i:0;}s:9:""dimension"";a:6:{s:4:""name"";s:9:""Dimension"";s:5:""value"";s:21:""140x190cm | 160x200cm"";s:8:""position"";i:1;s:10:""is_visible"";i:1;s:12:""is_variation"";i:1;s:11:""is_taxonomy"";i:0;}}",Packs,,Matelas: Matelas Confort +Lit. Dimension: 140x190cm | 160x200cm
35590,0,product,Le Pack Lit Lux,"<p style=""font-size: 17px; color: #000000;"">Le <strong>pack Lit Lux</strong> incarne l'excellence en matière de sommeil. Avec son confort exceptionnel, son<a href=""https://blog.menfenil.com/textiles-innovants_37.5""> innovation technologique</a> et sa durabilité exceptionnelle, il est le choix idéal pour ceux qui recherchent une expérience de sommeil incomparable. Optez pour <strong>le pack Lit Lux</strong> dès aujourd'hui et découvrez la différence pour vous-même.</p>","<p style=""font-size: 17px; color: #000000;"">Aujourd'hui bien plus que jamais, un bon lit est synonyme à un sommeil de qualité. le <strong>pack Lit Lux</strong> se démarque comme une solution inégalée pour ceux qui recherchent le confort ultime et des nuits de rêve. En tant que leader dans l'industrie des <a href=""https://inayya.re/produit/matelas-inayya-lux-120x190/"">matelas de luxe</a>,<strong> Inayya</strong> offre une expérience de sommeil exceptionnelle, combinant innovation, confort et qualité.</p>

<h2 style=""color: #000000; font-size: 20px;""><strong>LE MATELAS INAYYA LUX PARFAIT - LE FONDEMENT …</strong></h2>
<p style=""font-size: 17px; color: #000000;"">Plongez dans le luxe ultime du sommeil avec <strong>le Matelas Inayya Confort</strong>. Conçu pour offrir un confort exceptionnel et un soutien optimal, ce matelas est le choix parfait pour des nuits reposantes.</p>

<h2 style=""color: #000000; font-size: 20px;""><strong>POURQUOI CHOISIR LE PACK LIT LUX ?</strong></h2>
<p style=""font-size: 17px; color: #000000;"">En investissant dans le <strong>Pack Lit Lux</strong>, vous investissez dans la qualité de votre sommeil et dans votre bien-être général.</p>
<p style=""font-size: 17px; color: #000000;""><strong>Avec ses matelas de qualité supérieure</strong>, ses <a href=""https://www.linternaute.fr/dictionnaire/fr/definition/surmatelas/"">surmatelas luxueux</a>, ses oreillers ergonomiques et ses draps somptueux, Ce<strong> Pack Lit Eco</strong> vous offre une expérience de sommeil incomparable.</p>

<h3 style=""color: #000000; font-size: 20px;""><strong>LE SOMMIER TISSU 3D</strong></h3>
<p style=""font-size: 17px; color: #000000;"">Doté d'une structure solide et résistante, le <a href=""https://inayya.re/produit/le-sommier-tissu-3d/"">sommier tissu 3D </a>offre un soutien optimal à votre matelas et à votre corps. Sa conception polyvalente et sa capacité à s'adapter à différentes technologies de matelas en font un choix idéal pour tous les <a href=""https://inayya.re/produit/matelas-inayya-confort-plus-140x190/"">dormeurs en quête de confort</a> et de soutien.</p>
<p style=""font-size: 17px; color: #000000;"">La conception innovante du <strong>sommier Tissu 3D</strong>, son soutien optimal et sa durabilité en font un choix de premier plan pour tous ceux qui recherchent des nuits paisibles et un <strong>sommeil réparateur</strong>.. <a href=""https://www.pefc-france.org/le-label-pefc/#:~:text=Le%20label%20%C2%AB%20Certifi%C3%A9%20PEFC%20%C2%BB%20avec,syst%C3%A8me%20de%20diligence%20raisonn%C3%A9e%20PEFC."">La norme PEFC</a> garantit la gestion durable des forêts.</p>
<p style=""font-size: 17px; color: #000000;"">Sommier tissu 3D tropicalisé, sa structure en bois d’épicéa 450 kg/m3lui garantit solidité et durabilité.</p>

<h3 style=""color: #000000; font-size: 20px;""><strong>Matelas de luxe</strong></h3>
<p style=""font-size: 17px; color: #000000;""><a href=""https://inayya.re/produit/matelas-inayya-eco-160x200/""><span style=""font-weight: 400;"">Matelas Inayya Eco</span></a></p>
<p style=""font-size: 17px; color: #000000;""><a href=""https://inayya.re/produit/matelas-inayya-confort-plus-160x200""><span style=""font-weight: 400;"">Matelas Inayya Confort Plus</span></a></p>
<p style=""font-size: 17px; color: #000000;""><a href=""https://inayya.re/produit/matelas-inayya-lux-180x200/""><span style=""font-weight: 400;"">Matelas Inayya Lux</span></a></p>",publish,2026-06-02 17:46:19,https://inayya.re//produit/le-pack-lit-lux,le-pack-lit-lux,,,688.7,688.7,,688.7,,,,outofstock,,,,,,29434,"29432,29510,29438",https://inayya.re//wp-content/uploads/2026/02/Pack-Lit-Lux-1-scaled-1.jpg,,"a:2:{s:7:""matelas"";a:6:{s:4:""name"";s:7:""Matelas"";s:5:""value"";s:16:""Matelas Lux +Lit"";s:8:""position"";i:0;s:10:""is_visible"";i:1;s:12:""is_variation"";i:1;s:11:""is_taxonomy"";i:0;}s:9:""dimension"";a:6:{s:4:""name"";s:9:""Dimension"";s:5:""value"";s:21:""140x190cm | 160x200cm"";s:8:""position"";i:1;s:10:""is_visible"";i:1;s:12:""is_variation"";i:1;s:11:""is_taxonomy"";i:0;}}",Packs,,Matelas: Matelas Lux +Lit. Dimension: 140x190cm | 160x200cm
35592,0,product,Pack Dream Lit Eco,"<strong>Pack DreamConfort de Inayya</strong> est un pack révolutionnaire qui offre un confort exceptionnel à un prix abordable, vous permettant de profiter de nuits de sommeil réparateur sans compromettre votre budget.","Découvrez les secrets d'un sommeil réparateur à petit prix avec le <strong>Pack Dream Lit Eco</strong>. Ce pack révolutionnaire offre un confort exceptionnel à un prix abordable, vous permettant de profiter de nuits de sommeil réparateur sans compromettre votre budget.
<h5><span style=""color: #00a6cf;""><strong>LE MATELAS INAYYA ECO…</strong></span></h5>
Le <strong>matelas dreamPlus</strong> est une révolution dans le domaine de la literie. Fabriqué avec des matériaux de haute qualité et doté d'une technologie innovante, ce matelas offre un soutien ergonomique et un confort supérieur pour <strong>un sommeil réparateur</strong>.
<h5><span style=""color: #00a6cf;""><strong>POURQUOI CHOISIR LE PACK DREAMECO ?</strong></span></h5>
Dans la quête d'un sommeil réparateur et confortable, le choix du <strong>matelas</strong> revêt une importance capitale. Le <strong>PackDreamConfort </strong> est loué pour ses qualités de confort et de soutien.

En effet, <strong>le Pack DreamEco</strong> est reconnu pour sa combinaison parfaite de douceur et de soutien. <strong>Son Matelas doté d'une surface moelleuse</strong> offre une sensation de bien-être dès le premier contact, tandis que ses <a href=""https://www.neorev.fr/blog/article/c-est-quoi-le-soutien-d-un-matelas"">couches de soutien</a> assurent un alignement optimal de la colonne vertébrale. Cette synergie entre confort et soutien permet à chacun de trouver sa position idéale pour dormir, favorisant ainsi un <strong>sommeil profond et réparateur</strong>.
<h5><span style=""color: #00a6cf;""><strong>LE SOMMIER TISSU 3D</strong></span></h5>
<span style=""font-weight: 400;"">Doté d'une structure solide et résistante, le <strong>sommier tissu 3D</strong> offre un soutien optimal à votre matelas et à votre corps. Sa conception polyvalente et sa capacité à s'adapter à différentes technologies de matelas en font un choix idéal pour tous les <a href=""https://inayya.re/produit/matelas-inayya-confort-plus-140x190/"">dormeurs en quête de confort</a> et de soutien.</span>

<span style=""font-weight: 400;"">La conception innovante du <strong>sommier Tissu 3D</strong>, son soutien optimal et sa durabilité en font un choix de premier plan pour tous ceux qui recherchent des nuits paisibles et un <strong>sommeil réparateur</strong>.. <a href=""https://www.pefc-france.org/le-label-pefc/#:~:text=Le%20label%20%C2%AB%20Certifi%C3%A9%20PEFC%20%C2%BB%20avec,syst%C3%A8me%20de%20diligence%20raisonn%C3%A9e%20PEFC."">La norme PEFC</a> garantit la gestion durable des forêts.</span>

<span style=""font-weight: 400;""><strong>Sommier tissu 3D tropicalisé</strong>, sa structure en bois d’épicéa 450 kg/m3lui garantit solidité et durabilité.</span>

<span style=""font-weight: 400;"">Matelas : </span>

<a href=""https://inayya.re/produit/matelas-inayya-eco-160x200/""><span style=""font-weight: 400;"">Matelas Inayya Eco</span></a>

<a href=""https://inayya.re/produit/matelas-inayya-confort-plus-160x200""><span style=""font-weight: 400;"">Matelas Inayya Confort Plus</span></a>

<a href=""https://inayya.re/produit/matelas-inayya-lux-160x200/""><span style=""font-weight: 400;"">Matelas Inayya Luxe</span></a>",publish,2026-06-02 17:46:19,https://inayya.re//produit/pack-dream-lit-eco,pack-dream-lit-eco,,,,,,844.8,748.8,844.8,,outofstock,,,,,,29531,"29533,29502,29505",https://inayya.re//wp-content/uploads/2026/02/Pack-lit-eco-scaled-1.jpg,,"a:2:{s:7:""matelas"";a:6:{s:4:""name"";s:7:""Matelas"";s:5:""value"";s:28:""Matelas Eco +Lit+2 Oreillers"";s:8:""position"";i:0;s:10:""is_visible"";i:1;s:12:""is_variation"";i:1;s:11:""is_taxonomy"";i:0;}s:9:""dimension"";a:6:{s:4:""name"";s:9:""Dimension"";s:5:""value"";s:21:""140x190cm | 160x200cm"";s:8:""position"";i:1;s:10:""is_visible"";i:1;s:12:""is_variation"";i:1;s:11:""is_taxonomy"";i:0;}}",Packs,,Matelas: Matelas Eco +Lit+2 Oreillers. Dimension: 140x190cm | 160x200cm
35595,0,product,Pack Dream Lit Confort,"<p style=""font-size: 17px; color: #000000;""><strong>Le Pack Dream Lit Confort</strong> est conçu pour ceux qui cherchent à allier confort et respect de l'environnement. Chaque élément de ce pack est fabriqué à partir de matériaux durables et écologiques, garantissant <strong>une expérience de sommeil reposante</strong> tout en minimisant l'impact environnemental.</p>","Découvrez les secrets d'un sommeil réparateur à petit prix avec le <strong>Pack Dream Lit confort</strong>. Ce pack révolutionnaire offre un confort exceptionnel à un prix abordable, vous permettant de profiter de nuits de sommeil réparateur sans compromettre votre budget.
<h5><span style=""color: #00a6cf;""><strong>LE MATELAS INAYYA CONFORT PLUS…</strong></span></h5>
<p style=""font-size: 17px; color: #000000;"">Le Pack Dream Lit Confort Plus est parfait pour ceux qui cherchent à améliorer la qualité de leur sommeil tout en respectant l'environnement. Profitez d'un confort inégalé avec des produits éco-responsables qui contribuent à la préservation de notre planète.</p>

<h5><span style=""color: #00a6cf;""><strong>POURQUOI CHOISIR LE PACK DREAMECO ?</strong></span></h5>
Dans la quête d'un sommeil réparateur et confortable, le choix du <strong>matelas</strong> revêt une importance capitale. Le <strong>PackDreamConfort </strong> est loué pour ses qualités de confort et de soutien.

En effet, <strong>le Pack DreamEco</strong> est reconnu pour sa combinaison parfaite de douceur et de soutien. <strong>Son Matelas doté d'une surface moelleuse</strong> offre une sensation de bien-être dès le premier contact, tandis que ses <a href=""https://www.neorev.fr/blog/article/c-est-quoi-le-soutien-d-un-matelas"">couches de soutien</a> assurent un alignement optimal de la colonne vertébrale. Cette synergie entre confort et soutien permet à chacun de trouver sa position idéale pour dormir, favorisant ainsi un <strong>sommeil profond et réparateur</strong>.
<h5><span style=""color: #00a6cf;""><strong>LE SOMMIER TISSU 3D</strong></span></h5>
<span style=""font-weight: 400;"">Doté d'une structure solide et résistante, le <strong>sommier tissu 3D</strong> offre un soutien optimal à votre matelas et à votre corps. Sa conception polyvalente et sa capacité à s'adapter à différentes technologies de matelas en font un choix idéal pour tous les <a href=""https://inayya.re/produit/matelas-inayya-confort-plus-140x190/"">dormeurs en quête de confort</a> et de soutien.</span>

<span style=""font-weight: 400;"">La conception innovante du <strong>sommier Tissu 3D</strong>, son soutien optimal et sa durabilité en font un choix de premier plan pour tous ceux qui recherchent des nuits paisibles et un <strong>sommeil réparateur</strong>.. <a href=""https://www.pefc-france.org/le-label-pefc/#:~:text=Le%20label%20%C2%AB%20Certifi%C3%A9%20PEFC%20%C2%BB%20avec,syst%C3%A8me%20de%20diligence%20raisonn%C3%A9e%20PEFC."">La norme PEFC</a> garantit la gestion durable des forêts.</span>

<span style=""font-weight: 400;""><strong>Sommier tissu 3D tropicalisé</strong>, sa structure en bois d’épicéa 450 kg/m3lui garantit solidité et durabilité.</span>

<span style=""font-weight: 400;"">Matelas : </span>

<a href=""https://inayya.re/produit/matelas-inayya-eco-160x200/""><span style=""font-weight: 400;"">Matelas Inayya Eco</span></a>

<a href=""https://inayya.re/produit/matelas-inayya-confort-plus-160x200""><span style=""font-weight: 400;"">Matelas Inayya Confort Plus</span></a>

<a href=""https://inayya.re/produit/matelas-inayya-lux-160x200/""><span style=""font-weight: 400;"">Matelas Inayya Luxe</span></a>",publish,2026-06-02 17:46:19,https://inayya.re//produit/pack-dream-lit-confort,pack-dream-lit-confort,,,,,,1164.8,1044.8,1164.8,,outofstock,,,,,,29534,"29536,29537,29538,29512",https://inayya.re//wp-content/uploads/2026/02/kit-lit-douillet-scaled-1.jpg,,"a:2:{s:7:""matelas"";a:6:{s:4:""name"";s:7:""Matelas"";s:5:""value"";s:32:""Matelas Confort +Lit+2 Oreillers"";s:8:""position"";i:0;s:10:""is_visible"";i:1;s:12:""is_variation"";i:1;s:11:""is_taxonomy"";i:0;}s:9:""dimension"";a:6:{s:4:""name"";s:9:""Dimension"";s:5:""value"";s:21:""140x190cm | 160x200cm"";s:8:""position"";i:1;s:10:""is_visible"";i:1;s:12:""is_variation"";i:1;s:11:""is_taxonomy"";i:0;}}",Packs,,Matelas: Matelas Confort +Lit+2 Oreillers. Dimension: 140x190cm | 160x200cm
35598,0,product,Pack Dream Lit Lux,"<p style=""font-size: 17px; color: #000000;""><strong>Le Pack Dream Lit Lux</strong> est conçu pour ceux qui cherchent à allier confort et respect de l'environnement. Chaque élément de ce pack est fabriqué à partir de matériaux durables et écologiques, garantissant <strong>une expérience de sommeil reposante</strong> tout en minimisant l'impact environnemental.</p>","Découvrez les secrets d'un sommeil réparateur à petit prix avec le <strong>Pack Dream Lit Lux</strong>. Ce pack révolutionnaire offre un confort exceptionnel à un prix abordable, vous permettant de profiter de nuits de sommeil réparateur sans compromettre votre budget.
<h5><span style=""color: #00a6cf;""><strong>LE MATELAS INAYYA LUX…</strong></span></h5>
<p style=""font-size: 17px; color: #000000;"">Le Pack Dream Lit Confort Plus est parfait pour ceux qui cherchent à améliorer la qualité de leur sommeil tout en respectant l'environnement. Profitez d'un confort inégalé avec des produits éco-responsables qui contribuent à la préservation de notre planète.</p>

<h5><span style=""color: #00a6cf;""><strong>POURQUOI CHOISIR LE PACK DREAM LIT LUX ?</strong></span></h5>
Dans la quête d'un sommeil réparateur et confortable, le choix du <strong>matelas</strong> revêt une importance capitale. Le <strong>Pack Dream Lit LUX </strong> est loué pour ses qualités de confort et de soutien.

En effet, <strong>le Pack Dream Lit Lux</strong> est reconnu pour sa combinaison parfaite de douceur et de soutien. <strong>Son Matelas doté d'une surface moelleuse</strong> offre une sensation de bien-être dès le premier contact, tandis que ses <a href=""https://www.neorev.fr/blog/article/c-est-quoi-le-soutien-d-un-matelas"">couches de soutien</a> assurent un alignement optimal de la colonne vertébrale. Cette synergie entre confort et soutien permet à chacun de trouver sa position idéale pour dormir, favorisant ainsi un <strong>sommeil profond et réparateur</strong>.
<h5><span style=""color: #00a6cf;""><strong>LE SOMMIER TISSU 3D</strong></span></h5>
<span style=""font-weight: 400;"">Doté d'une structure solide et résistante, le <strong>sommier tissu 3D</strong> offre un soutien optimal à votre matelas et à votre corps. Sa conception polyvalente et sa capacité à s'adapter à différentes technologies de matelas en font un choix idéal pour tous les <a href=""https://inayya.re/produit/matelas-inayya-confort-plus-140x190/"">dormeurs en quête de confort</a> et de soutien.</span>

<span style=""font-weight: 400;"">La conception innovante du <strong>sommier Tissu 3D</strong>, son soutien optimal et sa durabilité en font un choix de premier plan pour tous ceux qui recherchent des nuits paisibles et un <strong>sommeil réparateur</strong>.. <a href=""https://www.pefc-france.org/le-label-pefc/#:~:text=Le%20label%20%C2%AB%20Certifi%C3%A9%20PEFC%20%C2%BB%20avec,syst%C3%A8me%20de%20diligence%20raisonn%C3%A9e%20PEFC."">La norme PEFC</a> garantit la gestion durable des forêts.</span>

<span style=""font-weight: 400;""><strong>Sommier tissu 3D tropicalisé</strong>, sa structure en bois d’épicéa 450 kg/m3lui garantit solidité et durabilité.</span>

<span style=""font-weight: 400;"">Matelas : </span>

<a href=""https://inayya.re/produit/matelas-inayya-eco-160x200/""><span style=""font-weight: 400;"">Matelas Inayya Eco</span></a>

<a href=""https://inayya.re/produit/matelas-inayya-confort-plus-160x200""><span style=""font-weight: 400;"">Matelas Inayya Confort Plus</span></a>

<a href=""https://inayya.re/produit/matelas-inayya-lux-160x200/""><span style=""font-weight: 400;"">Matelas Inayya Luxe</span></a>",publish,2026-06-02 17:46:19,https://inayya.re//produit/pack-dream-lit-lux,pack-dream-lit-lux,,,815.1,815.1,,815.10,,,,outofstock,,,,,,29432,"29540,29437,29541,29542",https://inayya.re//wp-content/uploads/2026/02/tres-grand-lit-scaled-1.jpg,,"a:2:{s:7:""matelas"";a:6:{s:4:""name"";s:7:""Matelas"";s:5:""value"";s:27:""Matelas Lux+Lit+2 Oreillers"";s:8:""position"";i:0;s:10:""is_visible"";i:1;s:12:""is_variation"";i:1;s:11:""is_taxonomy"";i:0;}s:9:""dimension"";a:6:{s:4:""name"";s:9:""Dimension"";s:5:""value"";s:21:""140x190cm | 160x200cm"";s:8:""position"";i:1;s:10:""is_visible"";i:1;s:12:""is_variation"";i:1;s:11:""is_taxonomy"";i:0;}}",Packs,,Matelas: Matelas Lux+Lit+2 Oreillers. Dimension: 140x190cm | 160x200cm
35602,0,product,Matelas Cachemire 140x190,"Le <strong>Matelas Inayya Cachemire</strong> allie luxe et confort grâce à sa housse en cachemire, sa mousse convolutée de 3.8 cm, et son visco gel. Avec ses ressorts ensachés de 25 cm, ce matelas offre un soutien supérieur et un confort inégalé pour des nuits reposantes.","[et_pb_section fb_built=""1"" _builder_version=""4.16"" custom_padding=""0px||||false|false"" global_colors_info=""{}""][et_pb_row _builder_version=""4.16"" background_size=""initial"" background_position=""top_left"" background_repeat=""repeat"" width=""100%"" custom_padding=""0px||0px||false|false"" global_colors_info=""{}""][et_pb_column type=""4_4"" _builder_version=""4.16"" custom_padding=""|||"" global_colors_info=""{}"" custom_padding__hover=""|||""][et_pb_wc_breadcrumb _builder_version=""4.16"" global_colors_info=""{}""][/et_pb_wc_breadcrumb][et_pb_wc_cart_notice _builder_version=""4.16"" global_colors_info=""{}""][/et_pb_wc_cart_notice][/et_pb_column][/et_pb_row][et_pb_row column_structure=""1_2,1_2"" _builder_version=""4.16"" background_size=""initial"" background_position=""top_left"" background_repeat=""repeat"" width=""100%"" custom_padding=""0px||||false|false"" global_colors_info=""{}""][et_pb_column type=""1_2"" _builder_version=""4.16"" custom_padding=""|||"" global_colors_info=""{}"" custom_padding__hover=""|||""][et_pb_wc_images _builder_version=""4.16"" global_colors_info=""{}""][/et_pb_wc_images][/et_pb_column][et_pb_column type=""1_2"" _builder_version=""4.16"" custom_padding=""|||"" global_colors_info=""{}"" custom_padding__hover=""|||""][et_pb_wc_title _builder_version=""4.16"" global_colors_info=""{}""][/et_pb_wc_title][et_pb_wc_rating _builder_version=""4.16"" global_colors_info=""{}""][/et_pb_wc_rating][et_pb_wc_price _builder_version=""4.16"" global_colors_info=""{}""][/et_pb_wc_price][et_pb_wc_description _builder_version=""4.16"" global_colors_info=""{}""][/et_pb_wc_description][et_pb_wc_add_to_cart _builder_version=""4.16"" global_colors_info=""{}""][/et_pb_wc_add_to_cart][et_pb_wc_meta _builder_version=""4.16"" global_colors_info=""{}""][/et_pb_wc_meta][/et_pb_column][/et_pb_row][et_pb_row _builder_version=""4.16"" background_size=""initial"" background_position=""top_left"" background_repeat=""repeat"" width=""100%"" global_colors_info=""{}""][et_pb_column type=""4_4"" _builder_version=""4.16"" custom_padding=""|||"" global_colors_info=""{}"" custom_padding__hover=""|||""][et_pb_wc_tabs _builder_version=""4.16"" global_colors_info=""{}""]					[/et_pb_wc_tabs][et_pb_wc_upsells _builder_version=""4.16"" global_colors_info=""{}""][/et_pb_wc_upsells][et_pb_wc_related_products _builder_version=""4.16"" global_colors_info=""{}""][/et_pb_wc_related_products][/et_pb_column][/et_pb_row][/et_pb_section]",private,2026-06-02 17:46:19,https://inayya.re//produit/matelas-cachemire-140x190,matelas-cachemire-140x190,,,524.25,699,524.25,524.25,,,,instock,23,,,,,29562,"29564,29565,29566",https://inayya.re//wp-content/uploads/2026/02/P2024039-8-scaled-1.jpg,,"a:2:{s:12:""pa_dimension"";a:6:{s:4:""name"";s:12:""pa_dimension"";s:5:""value"";s:0:"""";s:8:""position"";i:0;s:10:""is_visible"";i:1;s:12:""is_variation"";i:0;s:11:""is_taxonomy"";i:1;}s:15:""caracteristique"";a:6:{s:4:""name"";s:16:""Caractéristique"";s:5:""value"";s:159:""100 g de polyester sans colle | Mousse alvéolée de 3,8 cm, 1,25 lb, 14 ILD | Gel Visco 1 cm, 2,375 lb, 09 ILD | tissu non tissé 40g | Tampon isolé de 700 g"";s:8:""position"";i:1;s:10:""is_visible"";i:1;s:12:""is_variation"";i:0;s:11:""is_taxonomy"";i:0;}}",Accessoires,,"Caractéristique: 100 g de polyester sans colle | Mousse alvéolée de 3,8 cm, 1,25 lb, 14 ILD | Gel Visco 1 cm, 2,375 lb, 09 ILD | tissu non tissé 40g | Tampon isolé de 700 g"
35603,0,product,Matelas Cachemire 180x200,"Le <strong>Matelas Inayya Cachemire</strong> allie luxe et confort grâce à sa housse en cachemire, sa mousse convolutée de 3.8 cm, et son visco gel. Avec ses ressorts ensachés de 25 cm, ce matelas offre un soutien supérieur et un confort inégalé pour des nuits reposantes.","[et_pb_section fb_built=""1"" _builder_version=""4.16"" custom_padding=""0px||||false|false"" global_colors_info=""{}""][et_pb_row _builder_version=""4.16"" background_size=""initial"" background_position=""top_left"" background_repeat=""repeat"" width=""100%"" custom_padding=""0px||0px||false|false"" global_colors_info=""{}""][et_pb_column type=""4_4"" _builder_version=""4.16"" custom_padding=""|||"" global_colors_info=""{}"" custom_padding__hover=""|||""][et_pb_wc_breadcrumb _builder_version=""4.16"" global_colors_info=""{}""][/et_pb_wc_breadcrumb][et_pb_wc_cart_notice _builder_version=""4.16"" global_colors_info=""{}""][/et_pb_wc_cart_notice][/et_pb_column][/et_pb_row][et_pb_row column_structure=""1_2,1_2"" _builder_version=""4.16"" background_size=""initial"" background_position=""top_left"" background_repeat=""repeat"" width=""100%"" custom_padding=""0px||||false|false"" global_colors_info=""{}""][et_pb_column type=""1_2"" _builder_version=""4.16"" custom_padding=""|||"" global_colors_info=""{}"" custom_padding__hover=""|||""][et_pb_wc_images _builder_version=""4.16"" global_colors_info=""{}""][/et_pb_wc_images][/et_pb_column][et_pb_column type=""1_2"" _builder_version=""4.16"" custom_padding=""|||"" global_colors_info=""{}"" custom_padding__hover=""|||""][et_pb_wc_title _builder_version=""4.16"" global_colors_info=""{}""][/et_pb_wc_title][et_pb_wc_rating _builder_version=""4.16"" global_colors_info=""{}""][/et_pb_wc_rating][et_pb_wc_price _builder_version=""4.16"" global_colors_info=""{}""][/et_pb_wc_price][et_pb_wc_description _builder_version=""4.16"" global_colors_info=""{}""][/et_pb_wc_description][et_pb_wc_add_to_cart _builder_version=""4.16"" global_colors_info=""{}""][/et_pb_wc_add_to_cart][et_pb_wc_meta _builder_version=""4.16"" global_colors_info=""{}""][/et_pb_wc_meta][/et_pb_column][/et_pb_row][et_pb_row _builder_version=""4.16"" background_size=""initial"" background_position=""top_left"" background_repeat=""repeat"" width=""100%"" global_colors_info=""{}""][et_pb_column type=""4_4"" _builder_version=""4.16"" custom_padding=""|||"" global_colors_info=""{}"" custom_padding__hover=""|||""][et_pb_wc_tabs _builder_version=""4.16"" global_colors_info=""{}""] [/et_pb_wc_tabs][et_pb_wc_upsells _builder_version=""4.16"" global_colors_info=""{}""][/et_pb_wc_upsells][et_pb_wc_related_products _builder_version=""4.16"" global_colors_info=""{}""][/et_pb_wc_related_products][/et_pb_column][/et_pb_row][/et_pb_section]",private,2026-06-02 17:46:19,https://inayya.re//produit/matelas-cachemire-180x200,matelas-cachemire-180x200,,,674.25,899,674.25,674.25,,,,instock,11,,,,,29562,"29566,29564,29565",https://inayya.re//wp-content/uploads/2026/02/P2024039-8-scaled-1.jpg,,"a:2:{s:12:""pa_dimension"";a:6:{s:4:""name"";s:12:""pa_dimension"";s:5:""value"";s:0:"""";s:8:""position"";i:0;s:10:""is_visible"";i:1;s:12:""is_variation"";i:0;s:11:""is_taxonomy"";i:1;}s:15:""caracteristique"";a:6:{s:4:""name"";s:16:""Caractéristique"";s:5:""value"";s:159:""100 g de polyester sans colle | Mousse alvéolée de 3,8 cm, 1,25 lb, 14 ILD | Gel Visco 1 cm, 2,375 lb, 09 ILD | tissu non tissé 40g | Tampon isolé de 700 g"";s:8:""position"";i:1;s:10:""is_visible"";i:1;s:12:""is_variation"";i:0;s:11:""is_taxonomy"";i:0;}}",Accessoires,,"Caractéristique: 100 g de polyester sans colle | Mousse alvéolée de 3,8 cm, 1,25 lb, 14 ILD | Gel Visco 1 cm, 2,375 lb, 09 ILD | tissu non tissé 40g | Tampon isolé de 700 g"
35604,0,product,Le Pack Dream Cooling,,"<p style=""font-weight: 400;"">Le <strong>Pack Dream Cooling</strong> convient parfaitement aux personnes recherchant un ensemble literie à la fois ferme et confortable. L’épaisseur et la qualité de la mousse à mémoire de forme VISCO sélectionnée pour ce matelas lui confèrent un accueil doux et ergonomique sans être trop moelleux. La couche de mousse Haute Densité du noyau assure, de son côté, un soutien ferme du corps et notamment de la colonne vertébrale. Idéal pour les personnes qui ont des problèmes de dos ou encore qui souffre d’insomnie. Enfin, les mousses qui composent ce matelas sont à cellules ouvertes, ce qui permet à votre literie de garder une aération constante qui favorisera sa longévité. Le <strong>Pack Dream Cooling</strong> est un ensemble literie pas cher. Pour un pack acheté, vous gagnez : 1 matelas + 1 sommier et 2 oreillers. Actuellement disponible en : 140x190 cm, 160x200 cm et 180x200. Le sommier assure une base stable et durable, optimisant les performances du matelas. Les deux oreillers complètent ce pack pour un sommeil réparateur et apaisant. Cet ensemble literie a été conçu et fabriqué par nos soins.</p>

<h3 style=""color: #00a6cf;"">Comment nettoyer son matelas ?</h3>
<p style=""font-weight: 400;"">Pour éliminer les tâches de sang, d’urine ou de transpiration, il faut éviter à tout prix de nettoyer son matelas avec de l’eau ! Même si la surface semble sèche, le matelas peut encore contenir des traces d’humidité, ce qui aura pour conséquence la formation de moisissures.
Pour nettoyer correctement votre matelas + sommier, frottez-le simplement avec un chiffon ou un gant de toilette imbibé d’alcool ménager comme du vinaigre blanc et laissez-le bien sécher avant de l’utiliser à nouveau pour limiter les odeurs.
Quant aux oreillers, vous pouvez les nettoyer avec une machine à laver puis mis à sèche et ensuite prenez la peine de les repasser.</p>

<h3 style=""color: #00a6cf;"">Service Après-Vente</h3>
<p style=""font-weight: 400;"">Tout achat sur notre site ou en magasin vous garantit une livraison 100% gratuite à la Réunion. Vous bénéficiez non seulement de 100 nuits pour tester votre matelas/Pack mais aussi d’une garantie de 7 ans.</p>
<p style=""font-weight: 400;"">Notre Service client est disponible 24/7. On répond à toutes vos questions. Pour une meilleure prise en charge, faites-nous signe sur le : 0262-77-17-21 ou visitez notre page de <a href=""https://inayya.re/contact/"">contact</a>.</p>

<h3 style=""color: #00a6cf;"">Comment acheter ?</h3>
<p style=""font-weight: 400;"">Tout achat peut se faire en plusieurs fois par carte bancaire. Nous acceptons la majorité des cartes bancaires émises en France, à la Réunion et en Europe : Carte Bleue, Visa, Mastercard. Nous acceptons aussi les cartes American Express.</p>
<p style=""font-weight: 400;"">Seules les cartes prépayées et les cartes virtuelles à utilisation unique sont refusées. Pour plus d’informations, voici notre partenaire : <a href=""https://almapay.com/fr-FR"">Alma</a>.</p>",publish,2026-06-02 17:46:19,https://inayya.re//produit/le-pack-dream-cooling,le-pack-dream-cooling,,,,,,785.10,785.1,1444.8,,instock,,,,,,29555,"29557,29558,29559",https://inayya.re//wp-content/uploads/2026/02/P2024036-8-scaled-1.jpg,,"a:2:{s:7:""matelas"";a:6:{s:4:""name"";s:7:""Matelas"";s:5:""value"";s:34:""Matelas Cooling+Sommier+2oreillers"";s:8:""position"";i:0;s:10:""is_visible"";i:1;s:12:""is_variation"";i:1;s:11:""is_taxonomy"";i:0;}s:12:""pa_dimension"";a:6:{s:4:""name"";s:12:""pa_dimension"";s:5:""value"";s:0:"""";s:8:""position"";i:1;s:10:""is_visible"";i:1;s:12:""is_variation"";i:1;s:11:""is_taxonomy"";i:1;}}",Packs,,Matelas: Matelas Cooling+Sommier+2oreillers
35607,0,product,Le Pack Dream Cachemire,,"<p style=""font-weight: 400;"">Profitez d’un sommeil luxueux avec le <strong>Pack Dream Cachemire</strong>, comprenant un matelas Cachemire de haute qualité, un sommier assorti, et deux oreillers confortables. Ce pack est disponible en deux tailles pour répondre à vos besoins : 140x190 cm, 160x200 cm et 180x200 cm.</p>
<strong>Matelas Cachemire :</strong>
<ul>
 	<li>
<p style=""font-weight: 400;""><strong>Revêtement :</strong> Tissu Cachemire doux et luxueux pour une sensation de confort supérieur.</p>
</li>
 	<li>
<p style=""font-weight: 400;""><strong>Couches de confort :</strong></p>
&nbsp;
<ul>
 	<li>
<p style=""font-weight: 400;"">100g de polyester sans colle pour un soutien souple.</p>
</li>
 	<li>
<p style=""font-weight: 400;"">3,8 cm de mousse convolutée (1,25 lb, 14 ILD) offrant une douceur enveloppante.</p>
</li>
 	<li>
<p style=""font-weight: 400;"">1 cm de Gel Visco (2,375 lb, 09 ILD) pour une répartition uniforme de la pression et un confort personnalisable.</p>
</li>
 	<li>
<p style=""font-weight: 400;"">40g de tissu non tissé pour une meilleure respirabilité.</p>
</li>
 	<li>
<p style=""font-weight: 400;"">700g de couche isolante pour une stabilité accrue.</p>
</li>
</ul>
</li>
 	<li>
<p style=""font-weight: 400;""><strong>Système de soutien :</strong></p>
&nbsp;
<ul>
 	<li>
<p style=""font-weight: 400;"">Ressorts ensachés de 25 cm de hauteur, avec un calibre de fil de 2/2,3 mm, sans tige de bordure, offrant un soutien ferme sur les deux rangées extérieures.</p>
</li>
 	<li>
<p style=""font-weight: 400;"">700g de pad isolant pour un soutien optimal.</p>
</li>
 	<li>
<p style=""font-weight: 400;"">Tissu non tissé NF08-032 (NF120, 120g, 100% Oléfine) pour une finition de qualité.</p>
</li>
</ul>
</li>
</ul>
<p style=""font-weight: 400;""><strong>Sommier :</strong> Conçu pour compléter parfaitement le matelas Cachemire, le sommier offre une base stable et durable, optimisant le confort et la longévité du matelas.</p>
<p style=""font-weight: 400;""><strong>Oreillers :</strong> Les deux oreillers inclus sont conçus pour offrir un soutien ergonomique, améliorant le confort de votre sommeil et soulageant la pression sur le cou et la tête.</p>

<h3 style=""color: #00a6cf;"">Comment nettoyer son matelas ?</h3>
<p style=""font-weight: 400;"">Pour éliminer les tâches de sang, d’urine ou de transpiration, il faut éviter à tout prix de nettoyer son matelas avec de l’eau ! Même si la surface semble sèche, le matelas peut encore contenir des traces d’humidité, ce qui aura pour conséquence la formation de moisissures.
Pour nettoyer correctement votre matelas + sommier, frottez-le simplement avec un chiffon ou un gant de toilette imbibé d’alcool ménager comme du vinaigre blanc et laissez-le bien sécher avant de l’utiliser à nouveau pour limiter les odeurs.
Quant aux oreillers, vous pouvez les nettoyer avec une machine à laver puis mis à sèche et ensuite prenez la peine de les repasser.</p>

<h3 style=""color: #00a6cf;"">Service Après-Vente</h3>
<p style=""font-weight: 400;"">Pour une prise en main facile et pour réduire l’émission de CO2 lors du transport, les matelas sont compressés-roulés en machine. Après réception du colis, il vous suffit de déballer le matelas « Absolu » directement sur votre sommier. Il reprendra à 100 % sa forme initiale en quelques heures.</p>
<p style=""font-weight: 400;"">Ce procédé est garanti et n’altère ni la durée de vie, ni le confort du matelas. Fabrication italienne. Tout achat sur notre site ou en magasin vous garantit une livraison 100% gratuite à la Réunion.</p>
<p style=""font-weight: 400;"">Vous bénéficiez non seulement de 100 nuits pour tester votre matelas/Pack mais aussi d’une garantie de 7 ans. Notre Service client est disponible 24/7. On répond à toutes vos questions. Pour une meilleure prise en charge, faites-nous signe sur le : 0262-77-17-21 ou visitez notre page de <a href=""https://inayya.re/contact/"">contact</a>.</p>

<h3 style=""color: #00a6cf;"">Comment acheter ?</h3>
<p style=""font-weight: 400;"">Tout achat peut se faire en plusieurs fois par carte bancaire. Nous acceptons la majorité des cartes bancaires émises en France, à la Réunion et en Europe : Carte Bleue, Visa, Mastercard. Nous acceptons aussi les cartes American Express.</p>
<p style=""font-weight: 400;"">Seules les cartes prépayées et les cartes virtuelles à utilisation unique sont refusées. Pour plus d’informations, voici notre partenaire : <a href=""https://almapay.com/fr-FR"">Alma</a>.</p>",publish,2026-06-02 17:46:20,https://inayya.re//produit/le-pack-dream-cachemire,le-pack-dream-cachemire,,,835.1,835.1,,835.10,,,,outofstock,,,,,,29562,"29564,29565,29566",https://inayya.re//wp-content/uploads/2026/02/P2024039-8-scaled-1.jpg,,"a:2:{s:7:""matelas"";a:6:{s:4:""name"";s:7:""Matelas"";s:5:""value"";s:36:""Matelas Cachemire+Sommier+2oreillers"";s:8:""position"";i:0;s:10:""is_visible"";i:1;s:12:""is_variation"";i:1;s:11:""is_taxonomy"";i:0;}s:12:""pa_dimension"";a:6:{s:4:""name"";s:12:""pa_dimension"";s:5:""value"";s:0:"""";s:8:""position"";i:1;s:10:""is_visible"";i:1;s:12:""is_variation"";i:1;s:11:""is_taxonomy"";i:1;}}",Packs,,Matelas: Matelas Cachemire+Sommier+2oreillers
35611,0,product,Le Pack Inayya Cooling,,"<p style=""font-weight: 400;"">Redécouvrez le plaisir d'une bonne nuit de sommeil avec le <strong>Pack Inayya Cooling</strong>, qui comprend un matelas <strong>Inayya Cooling</strong> et un sommier assorti, disponibles en deux tailles : 140x190 cm, 160x200 cm et 180x200cm.</p>
<p style=""font-weight: 400;"">Le matelas <strong>Inayya Cooling</strong> est conçu pour vous offrir un confort exceptionnel tout au long de la nuit. Il intègre un tissu rafraîchissant qui aide à réguler la température, tout en combinant des couches de mousse avancées pour un soutien optimal.</p>
<p style=""font-weight: 400;"">Grâce à ses ressorts ensachés, le matelas minimise les transferts de mouvement et offre un soutien ciblé pour chaque partie du corps. Le gel Visco intégré s'adapte parfaitement à vos contours pour un confort personnalisé et une sensation de fraîcheur.</p>
<p style=""font-weight: 400;"">Le <strong>Pack Inayya Cooling</strong> est le choix idéal pour ceux qui cherchent à allier confort, soutien et qualité.</p>

<h3 style=""color: #00a6cf;"">Comment nettoyer son matelas ?</h3>
<p style=""font-weight: 400;"">Pour éliminer les tâches de sang, d’urine ou de transpiration, il faut éviter à tout prix de nettoyer son matelas avec de l’eau ! Même si la surface semble sèche, le matelas peut encore contenir des traces d’humidité, ce qui aura pour conséquence la formation de moisissures.
Pour nettoyer correctement votre matelas + sommier, frottez-le simplement avec un chiffon ou un gant de toilette imbibé d’alcool ménager comme du vinaigre blanc et laissez-le bien sécher avant de l’utiliser à nouveau pour limiter les odeurs.
Quant aux oreillers, vous pouvez les nettoyer avec une machine à laver puis mis à sèche et ensuite prenez la peine de les repasser.</p>

<h3 style=""color: #00a6cf;"">Service Après-Vente</h3>
<p style=""font-weight: 400;"">Tout achat sur notre site ou en magasin vous garantit une livraison 100% gratuite à la Réunion. Vous bénéficiez non seulement de 100 nuits pour tester votre matelas/Pack mais aussi d’une garantie de 7 ans.</p>
<p style=""font-weight: 400;"">Notre Service client est disponible 24/7. On répond à toutes vos questions. Pour une meilleure prise en charge, faites-nous signe sur le : 0262-77-17-21 ou visitez notre page de <a href=""https://inayya.re/contact/"">contact</a>.</p>

<h3 style=""color: #00a6cf;"">Comment acheter ?</h3>
<p style=""font-weight: 400;"">Tout achat peut se faire en plusieurs fois par carte bancaire. Nous acceptons la majorité des cartes bancaires émises en France, à la Réunion et en Europe : Carte Bleue, Visa, Mastercard. Nous acceptons aussi les cartes American Express.</p>
<p style=""font-weight: 400;"">Seules les cartes prépayées et les cartes virtuelles à utilisation unique sont refusées. Pour plus d’informations, voici notre partenaire : <a href=""https://almapay.com/fr-FR"">Alma</a>.</p>",publish,2026-06-02 17:46:20,https://inayya.re//produit/le-pack-inayya-cooling,le-pack-inayya-cooling,,,,,,658.7,658.7,1318.4,,instock,,,,,,29555,"29557,29558,29559",https://inayya.re//wp-content/uploads/2026/02/P2024036-8-scaled-1.jpg,,"a:2:{s:7:""matelas"";a:6:{s:4:""name"";s:7:""Matelas"";s:5:""value"";s:23:""Matelas Cooling+Sommier"";s:8:""position"";i:0;s:10:""is_visible"";i:1;s:12:""is_variation"";i:1;s:11:""is_taxonomy"";i:0;}s:12:""pa_dimension"";a:6:{s:4:""name"";s:12:""pa_dimension"";s:5:""value"";s:0:"""";s:8:""position"";i:1;s:10:""is_visible"";i:1;s:12:""is_variation"";i:1;s:11:""is_taxonomy"";i:1;}}",Packs,,Matelas: Matelas Cooling+Sommier
35625,0,product,Le Pack Inayya Cachemire,,"[et_pb_section fb_built=""1"" _builder_version=""4.16"" custom_padding=""0px||||false|false"" global_colors_info=""{}""][et_pb_row _builder_version=""4.16"" background_size=""initial"" background_position=""top_left"" background_repeat=""repeat"" width=""100%"" custom_padding=""0px||0px||false|false"" global_colors_info=""{}""][et_pb_column type=""4_4"" _builder_version=""4.16"" custom_padding=""|||"" global_colors_info=""{}"" custom_padding__hover=""|||""][et_pb_wc_breadcrumb _builder_version=""4.16"" global_colors_info=""{}""][/et_pb_wc_breadcrumb][et_pb_wc_cart_notice _builder_version=""4.16"" global_colors_info=""{}""][/et_pb_wc_cart_notice][/et_pb_column][/et_pb_row][et_pb_row column_structure=""1_2,1_2"" _builder_version=""4.16"" background_size=""initial"" background_position=""top_left"" background_repeat=""repeat"" width=""100%"" custom_padding=""0px||||false|false"" global_colors_info=""{}""][et_pb_column type=""1_2"" _builder_version=""4.16"" custom_padding=""|||"" global_colors_info=""{}"" custom_padding__hover=""|||""][et_pb_wc_images _builder_version=""4.16"" global_colors_info=""{}""][/et_pb_wc_images][/et_pb_column][et_pb_column type=""1_2"" _builder_version=""4.16"" custom_padding=""|||"" global_colors_info=""{}"" custom_padding__hover=""|||""][et_pb_wc_title _builder_version=""4.16"" global_colors_info=""{}""][/et_pb_wc_title][et_pb_wc_rating _builder_version=""4.16"" global_colors_info=""{}""][/et_pb_wc_rating][et_pb_wc_price _builder_version=""4.16"" global_colors_info=""{}""][/et_pb_wc_price][et_pb_wc_description _builder_version=""4.16"" global_colors_info=""{}""][/et_pb_wc_description][et_pb_wc_add_to_cart _builder_version=""4.16"" global_colors_info=""{}""][/et_pb_wc_add_to_cart][et_pb_wc_meta _builder_version=""4.16"" global_colors_info=""{}""][/et_pb_wc_meta][/et_pb_column][/et_pb_row][et_pb_row _builder_version=""4.16"" background_size=""initial"" background_position=""top_left"" background_repeat=""repeat"" width=""100%"" global_colors_info=""{}""][et_pb_column type=""4_4"" _builder_version=""4.16"" custom_padding=""|||"" global_colors_info=""{}"" custom_padding__hover=""|||""][et_pb_wc_tabs _builder_version=""4.16"" global_colors_info=""{}""] [/et_pb_wc_tabs][et_pb_wc_upsells _builder_version=""4.16"" global_colors_info=""{}""][/et_pb_wc_upsells][et_pb_wc_related_products _builder_version=""4.16"" global_colors_info=""{}""][/et_pb_wc_related_products][/et_pb_column][/et_pb_row][/et_pb_section]",publish,2026-06-02 17:46:25,https://inayya.re//produit/le-pack-inayya-cachemire,le-pack-inayya-cachemire,,,708.7,708.7,,708.7,,,,instock,,,,,,29562,"29564,29565,29566",https://inayya.re//wp-content/uploads/2026/02/P2024039-8-scaled-1.jpg,,"a:2:{s:7:""matelas"";a:6:{s:4:""name"";s:7:""Matelas"";s:5:""value"";s:25:""Matelas Cachemire+Sommier"";s:8:""position"";i:0;s:10:""is_visible"";i:1;s:12:""is_variation"";i:1;s:11:""is_taxonomy"";i:0;}s:12:""pa_dimension"";a:6:{s:4:""name"";s:12:""pa_dimension"";s:5:""value"";s:0:"""";s:8:""position"";i:1;s:10:""is_visible"";i:1;s:12:""is_variation"";i:1;s:11:""is_taxonomy"";i:1;}}",Packs,,Matelas: Matelas Cachemire+Sommier
35629,0,product,Le Pack Dream Lit Cooling,,"<p style=""font-weight: 400;"">Transformez vos nuits avec le Pack Dream Lit Cooling, un ensemble complet qui comprend un matelas Cooling, un lit élégant, et deux oreillers confortables.</p>
<p style=""font-weight: 400;"">Conçu pour offrir un confort supérieur, le matelas Cooling est fabriqué avec un tissu innovant qui favorise la régulation thermique, vous garantissant une sensation de fraîcheur tout au long de la nuit.</p>
<p style=""font-weight: 400;"">Il intègre plusieurs couches de mousse et des ressorts ensachés pour un soutien optimal et une réduction des transferts de mouvement. Le gel Visco s'adapte aux contours de votre corps, offrant ainsi un confort personnalisé et un soutien ergonomique.</p>
<p style=""font-weight: 400;"">Le lit inclus dans ce pack est à la fois esthétique et fonctionnel. Conçu pour compléter le matelas Cooling, il offre une structure solide et stable, assurant un soutien parfait pour une expérience de sommeil inégalée. Son design élégant s'intègre harmonieusement dans n'importe quel intérieur, ajoutant une touche de sophistication à votre chambre.</p>
<p style=""font-weight: 400;"">Les deux oreillers inclus sont conçus pour offrir un soutien supplémentaire à votre tête et à votre cou. Leur texture douce et leur forme ergonomique permettent un maintien optimal, contribuant à une nuit de sommeil réparatrice.</p>

<h3 style=""color: #00a6cf;"">Comment nettoyer son matelas ?</h3>
<p style=""font-weight: 400;"">Pour éliminer les tâches de sang, d’urine ou de transpiration, il faut éviter à tout prix de nettoyer son matelas avec de l’eau ! Même si la surface semble sèche, le matelas peut encore contenir des traces d’humidité, ce qui aura pour conséquence la formation de moisissures.
Pour nettoyer correctement votre matelas + sommier, frottez-le simplement avec un chiffon ou un gant de toilette imbibé d’alcool ménager comme du vinaigre blanc et laissez-le bien sécher avant de l’utiliser à nouveau pour limiter les odeurs.
Quant aux oreillers, vous pouvez les nettoyer avec une machine à laver puis mis à sèche et ensuite prenez la peine de les repasser.</p>

<h3 style=""color: #00a6cf;"">Service Après-Vente</h3>
<p style=""font-weight: 400;"">Tout achat sur notre site ou en magasin vous garantit une livraison 100% gratuite à la Réunion. Vous bénéficiez non seulement de 100 nuits pour tester votre matelas/Pack mais aussi d’une garantie de 7 ans.</p>
<p style=""font-weight: 400;"">Notre Service client est disponible 24/7. On répond à toutes vos questions. Pour une meilleure prise en charge, faites-nous signe sur le : 0262-77-17-21 ou visitez notre page de <a href=""https://inayya.re/contact/"">contact</a>.</p>

<h3 style=""color: #00a6cf;"">Comment acheter ?</h3>
<p style=""font-weight: 400;"">Tout achat peut se faire en plusieurs fois par carte bancaire. Nous acceptons la majorité des cartes bancaires émises en France, à la Réunion et en Europe : Carte Bleue, Visa, Mastercard. Nous acceptons aussi les cartes American Express.</p>
<p style=""font-weight: 400;"">Seules les cartes prépayées et les cartes virtuelles à utilisation unique sont refusées. Pour plus d’informations, voici notre partenaire : <a href=""https://almapay.com/fr-FR"">Alma</a>.</p>",publish,2026-06-02 17:46:25,https://inayya.re//produit/le-pack-dream-lit-cooling,le-pack-dream-lit-cooling,,,785.1,785.1,,785.10,,,,outofstock,,,,,,29599,"29557,29558,29559",https://inayya.re//wp-content/uploads/2026/02/WhatsApp-Image-2024-10-10-at-10.48.21.jpeg,,"a:2:{s:7:""matelas"";a:6:{s:4:""name"";s:7:""Matelas"";s:5:""value"";s:31:""Matelas Cooling +Lit+2oreillers"";s:8:""position"";i:0;s:10:""is_visible"";i:1;s:12:""is_variation"";i:1;s:11:""is_taxonomy"";i:0;}s:12:""pa_dimension"";a:6:{s:4:""name"";s:12:""pa_dimension"";s:5:""value"";s:0:"""";s:8:""position"";i:1;s:10:""is_visible"";i:1;s:12:""is_variation"";i:1;s:11:""is_taxonomy"";i:1;}}",Packs,,Matelas: Matelas Cooling +Lit+2oreillers
35631,0,product,Le Pack Dream Lit Cachemire,,"<strong>Pack Dream Lit Cachemire - Matelas Cachemire + Lit + 2 Oreillers</strong>
<p style=""font-weight: 400;"">Découvrez l'excellence du sommeil avec le Pack Dream Lit Cachemire, qui combine un matelas Cachemire luxueux, un lit élégant, et deux oreillers ergonomiques, disponibles en deux tailles : 140x190 cm et 160x200 cm.</p>
<strong>Matelas Cachemire :</strong>
<ul>
 	<li>
<p style=""font-weight: 400;""><strong>Revêtement :</strong> Le tissu Cachemire apporte une douceur et un confort incomparables, transformant chaque nuit en une expérience de luxe.</p>
</li>
 	<li>
<p style=""font-weight: 400;""><strong>Couches de confort :</strong></p>

<ul>
 	<li>
<p style=""font-weight: 400;"">100g de polyester sans colle pour un toucher doux et agréable.</p>
</li>
 	<li>
<p style=""font-weight: 400;"">3,8 cm de mousse convolutée (1,25 lb, 14 ILD) pour un accueil moelleux et un soutien équilibré.</p>
</li>
 	<li>
<p style=""font-weight: 400;"">1 cm de Gel Visco (2,375 lb, 09 ILD) qui s’adapte aux contours de votre corps, offrant un soulagement optimal des points de pression.</p>
</li>
 	<li>
<p style=""font-weight: 400;"">40g de tissu non tissé pour une ventilation améliorée, assurant une température idéale pendant le sommeil.</p>
</li>
 	<li>
<p style=""font-weight: 400;"">700g de pad isolant pour une stabilité accrue et un confort supérieur.</p>
</li>
</ul>
</li>
 	<li>
<p style=""font-weight: 400;""><strong>Système de soutien :</strong></p>

<ul>
 	<li>
<p style=""font-weight: 400;"">Ressorts ensachés de 25 cm, avec un fil de calibre 2/2,3 mm, sans tige de bordure, garantissant un soutien ferme et une excellente indépendance de couchage.</p>
</li>
 	<li>
<p style=""font-weight: 400;"">700g de pad isolant supplémentaire pour renforcer la stabilité et la durabilité du matelas.</p>
</li>
 	<li>
<p style=""font-weight: 400;"">Finition en tissu non tissé NF08-032 (NF120, 120g, 100% Oléfine) pour une durabilité maximale.</p>
</li>
</ul>
</li>
</ul>
<p style=""font-weight: 400;""><strong>Lit :</strong> Le lit inclus dans ce pack est conçu pour compléter parfaitement le matelas Cachemire. Il offre une structure stable et élégante, assurant un soutien optimal du matelas tout en ajoutant une touche de sophistication à votre chambre. Disponible en tailles 140x190 cm et 160x200 cm, ce lit s'intègre harmonieusement dans tout type de décor.</p>
<p style=""font-weight: 400;""><strong>Oreillers :</strong> Les deux oreillers inclus sont ergonomiques et offrent un soutien idéal pour la tête et le cou, contribuant à un sommeil réparateur et confortable.</p>

<h3 style=""color: #00a6cf;"">Comment nettoyer son matelas ?</h3>
<p style=""font-weight: 400;"">Pour éliminer les tâches de sang, d’urine ou de transpiration, il faut éviter à tout prix de nettoyer son matelas avec de l’eau ! Même si la surface semble sèche, le matelas peut encore contenir des traces d’humidité, ce qui aura pour conséquence la formation de moisissures.
Pour nettoyer correctement votre matelas + sommier, frottez-le simplement avec un chiffon ou un gant de toilette imbibé d’alcool ménager comme du vinaigre blanc et laissez-le bien sécher avant de l’utiliser à nouveau pour limiter les odeurs.
Quant aux oreillers, vous pouvez les nettoyer avec une machine à laver puis mis à sèche et ensuite prenez la peine de les repasser.</p>

<h3 style=""color: #00a6cf;"">Service Après-Vente</h3>
<p style=""font-weight: 400;"">Pour une prise en main facile et pour réduire l’émission de CO2 lors du transport, les matelas sont compressés-roulés en machine. Après réception du colis, il vous suffit de déballer le matelas « Absolu » directement sur votre sommier. Il reprendra à 100 % sa forme initiale en quelques heures.</p>
<p style=""font-weight: 400;"">Ce procédé est garanti et n’altère ni la durée de vie, ni le confort du matelas. Fabrication italienne. Tout achat sur notre site ou en magasin vous garantit une livraison 100% gratuite à la Réunion.</p>
<p style=""font-weight: 400;"">Vous bénéficiez non seulement de 100 nuits pour tester votre matelas/Pack mais aussi d’une garantie de 7 ans. Notre Service client est disponible 24/7. On répond à toutes vos questions. Pour une meilleure prise en charge, faites-nous signe sur le : 0262-77-17-21 ou visitez notre page de <a href=""https://inayya.re/contact/"">contact</a>.</p>

<h3 style=""color: #00a6cf;"">Comment acheter ?</h3>
<p style=""font-weight: 400;"">Tout achat peut se faire en plusieurs fois par carte bancaire. Nous acceptons la majorité des cartes bancaires émises en France, à la Réunion et en Europe : Carte Bleue, Visa, Mastercard. Nous acceptons aussi les cartes American Express.</p>
<p style=""font-weight: 400;"">Seules les cartes prépayées et les cartes virtuelles à utilisation unique sont refusées. Pour plus d’informations, voici notre partenaire : <a href=""https://almapay.com/fr-FR"">Alma</a>.</p>",publish,2026-06-02 17:46:25,https://inayya.re//produit/le-pack-dream-lit-cachemire,le-pack-dream-lit-cachemire,,,795.1,795.1,,795.10,,,,outofstock,,,,,,29562,"29564,29565,29566",https://inayya.re//wp-content/uploads/2026/02/P2024039-8-scaled-1.jpg,,"a:2:{s:7:""matelas"";a:6:{s:4:""name"";s:7:""Matelas"";s:5:""value"";s:32:""Matelas Cachemire+Lit+2oreillers"";s:8:""position"";i:0;s:10:""is_visible"";i:1;s:12:""is_variation"";i:1;s:11:""is_taxonomy"";i:0;}s:12:""pa_dimension"";a:6:{s:4:""name"";s:12:""pa_dimension"";s:5:""value"";s:0:"""";s:8:""position"";i:1;s:10:""is_visible"";i:1;s:12:""is_variation"";i:1;s:11:""is_taxonomy"";i:1;}}",Packs,,Matelas: Matelas Cachemire+Lit+2oreillers
35634,0,product,Le Pack Lit Cooling,,"<strong>Pack Lit Cooling - Matelas Eco + Lit (140x190cm / 160x200cm)</strong>
<p style=""font-weight: 400;"">Découvrez le Pack Lit Cooling, une solution idéale pour améliorer votre confort de sommeil avec un matelas Eco et un lit élégant, disponibles en deux tailles : 140x190 cm et 160x200 cm.</p>
<p style=""font-weight: 400;""><strong>Matelas Eco :</strong> Conçu pour offrir un confort durable et un soutien adapté, le matelas Eco est fabriqué avec des matériaux de haute qualité pour une expérience de sommeil agréable. Il combine des couches de mousse performantes qui assurent une répartition uniforme du poids et un soutien optimal. Son design est pensé pour favoriser une bonne circulation de l'air et maintenir une température confortable pendant la nuit.</p>
<p style=""font-weight: 400;""><strong>Lit :</strong> Le lit inclus dans ce pack est conçu pour compléter parfaitement le matelas Eco. Il offre une structure robuste et élégante, garantissant un soutien stable et durable. Son design moderne et épuré s’intègre harmonieusement dans tous les styles d'intérieur, ajoutant une touche de sophistication à votre chambre.</p>
<p style=""font-weight: 400;""><strong>Options de Taille :</strong> Disponible en tailles 140x190 cm et 160x200 cm, ce pack s’adapte à vos besoins spécifiques en matière de confort et d’espace. Que vous cherchiez à meubler une chambre plus petite ou un espace plus vaste, vous trouverez la taille qui convient le mieux à votre chambre.</p>

<h3 style=""color: #00a6cf;"">Comment nettoyer son matelas ?</h3>
<p style=""font-weight: 400;"">Pour éliminer les tâches de sang, d’urine ou de transpiration, il faut éviter à tout prix de nettoyer son matelas avec de l’eau ! Même si la surface semble sèche, le matelas peut encore contenir des traces d’humidité, ce qui aura pour conséquence la formation de moisissures.
Pour nettoyer correctement votre matelas + sommier, frottez-le simplement avec un chiffon ou un gant de toilette imbibé d’alcool ménager comme du vinaigre blanc et laissez-le bien sécher avant de l’utiliser à nouveau pour limiter les odeurs.
Quant aux oreillers, vous pouvez les nettoyer avec une machine à laver puis mis à sèche et ensuite prenez la peine de les repasser.</p>

<h3 style=""color: #00a6cf;"">Service Après-Vente</h3>
<p style=""font-weight: 400;"">Tout achat sur notre site ou en magasin vous garantit une livraison 100% gratuite à la Réunion. Vous bénéficiez non seulement de 100 nuits pour tester votre matelas/Pack mais aussi d’une garantie de 7 ans.</p>
<p style=""font-weight: 400;"">Notre Service client est disponible 24/7. On répond à toutes vos questions. Pour une meilleure prise en charge, faites-nous signe sur le : 0262-77-17-21 ou visitez notre page de <a href=""https://inayya.re/contact/"">contact</a>.</p>

<h3 style=""color: #00a6cf;"">Comment acheter ?</h3>
<p style=""font-weight: 400;"">Tout achat peut se faire en plusieurs fois par carte bancaire. Nous acceptons la majorité des cartes bancaires émises en France, à la Réunion et en Europe : Carte Bleue, Visa, Mastercard. Nous acceptons aussi les cartes American Express.</p>
<p style=""font-weight: 400;"">Seules les cartes prépayées et les cartes virtuelles à utilisation unique sont refusées. Pour plus d’informations, voici notre partenaire : <a href=""https://almapay.com/fr-FR"">Alma</a>.</p>",publish,2026-06-02 17:46:25,https://inayya.re//produit/le-pack-lit-cooling,le-pack-lit-cooling,,,658.7,658.7,,658.7,,,,outofstock,,,,,,29599,"29557,29558,29559",https://inayya.re//wp-content/uploads/2026/02/WhatsApp-Image-2024-10-10-at-10.48.21.jpeg,,"a:2:{s:7:""matelas"";a:6:{s:4:""name"";s:7:""Matelas"";s:5:""value"";s:19:""Matelas Cooling+Lit"";s:8:""position"";i:0;s:10:""is_visible"";i:1;s:12:""is_variation"";i:1;s:11:""is_taxonomy"";i:0;}s:12:""pa_dimension"";a:6:{s:4:""name"";s:12:""pa_dimension"";s:5:""value"";s:0:"""";s:8:""position"";i:1;s:10:""is_visible"";i:1;s:12:""is_variation"";i:1;s:11:""is_taxonomy"";i:1;}}",Packs,,Matelas: Matelas Cooling+Lit
35636,0,product,Le Pack Lit Cachemire,,"<strong>Le Pack Lit Cachemire - Matelas Lux + Lit</strong>
<p style=""font-weight: 400;"">Offrez-vous un sommeil de luxe avec le Pack Lit Cachemire, qui combine un matelas Lux de haute qualité et un lit élégant, disponible en deux tailles : 140x190 cm et 160x200 cm.</p>
<strong>Matelas Lux :</strong>
<ul>
 	<li>
<p style=""font-weight: 400;""><strong>Revêtement :</strong> Le matelas Lux est conçu avec un tissu haut de gamme qui offre un toucher doux et un confort inégalé, transformant chaque nuit en une expérience reposante.</p>
</li>
 	<li>
<p style=""font-weight: 400;""><strong>Couches de confort :</strong></p>

<ul>
 	<li>
<p style=""font-weight: 400;"">Des matériaux sélectionnés pour leur douceur et leur soutien, offrant un accueil moelleux et une ergonomie parfaite.</p>
</li>
 	<li>
<p style=""font-weight: 400;"">Un noyau robuste qui assure un soutien optimal de la colonne vertébrale et un maintien durable, même après de nombreuses années d'utilisation.</p>
</li>
</ul>
</li>
 	<li><strong>Système de soutien :</strong>
<ul>
 	<li>
<p style=""font-weight: 400;"">Une structure interne composée de ressorts ensachés de qualité, offrant une indépendance de couchage parfaite et une excellente répartition du poids.</p>
</li>
 	<li>
<p style=""font-weight: 400;"">Une technologie de ventilation intégrée pour maintenir une température idéale tout au long de la nuit, assurant un sommeil plus frais et plus réparateur.</p>
</li>
</ul>
</li>
</ul>
<p style=""font-weight: 400;""><strong>Lit :</strong> Le lit inclus dans ce pack est conçu pour compléter harmonieusement le matelas Lux. Sa structure solide et élégante assure un soutien parfait au matelas, tout en ajoutant une touche sophistiquée à votre chambre. Disponible en tailles 140x190 cm et 160x200 cm, ce lit s'intègre parfaitement dans tout type de décor.</p>

<h3 style=""color: #00a6cf;"">Comment nettoyer son matelas ?</h3>
<p style=""font-weight: 400;"">Pour éliminer les tâches de sang, d’urine ou de transpiration, il faut éviter à tout prix de nettoyer son matelas avec de l’eau ! Même si la surface semble sèche, le matelas peut encore contenir des traces d’humidité, ce qui aura pour conséquence la formation de moisissures.
Pour nettoyer correctement votre matelas + sommier, frottez-le simplement avec un chiffon ou un gant de toilette imbibé d’alcool ménager comme du vinaigre blanc et laissez-le bien sécher avant de l’utiliser à nouveau pour limiter les odeurs.
Quant aux oreillers, vous pouvez les nettoyer avec une machine à laver puis mis à sèche et ensuite prenez la peine de les repasser.</p>

<h3 style=""color: #00a6cf;"">Service Après-Vente</h3>
<p style=""font-weight: 400;"">Pour une prise en main facile et pour réduire l’émission de CO2 lors du transport, les matelas sont compressés-roulés en machine. Après réception du colis, il vous suffit de déballer le matelas « Absolu » directement sur votre sommier. Il reprendra à 100 % sa forme initiale en quelques heures.</p>
<p style=""font-weight: 400;"">Ce procédé est garanti et n’altère ni la durée de vie, ni le confort du matelas. Fabrication italienne. Tout achat sur notre site ou en magasin vous garantit une livraison 100% gratuite à la Réunion.</p>
<p style=""font-weight: 400;"">Vous bénéficiez non seulement de 100 nuits pour tester votre matelas/Pack mais aussi d’une garantie de 7 ans. Notre Service client est disponible 24/7. On répond à toutes vos questions. Pour une meilleure prise en charge, faites-nous signe sur le : 0262-77-17-21 ou visitez notre page de <a href=""https://inayya.re/contact/"">contact</a>.</p>

<h3 style=""color: #00a6cf;"">Comment acheter ?</h3>
<p style=""font-weight: 400;"">Tout achat peut se faire en plusieurs fois par carte bancaire. Nous acceptons la majorité des cartes bancaires émises en France, à la Réunion et en Europe : Carte Bleue, Visa, Mastercard. Nous acceptons aussi les cartes American Express.</p>
<p style=""font-weight: 400;"">Seules les cartes prépayées et les cartes virtuelles à utilisation unique sont refusées. Pour plus d’informations, voici notre partenaire : <a href=""https://almapay.com/fr-FR"">Alma</a>.</p>",publish,2026-06-02 17:46:25,https://inayya.re//produit/le-pack-lit-cachemire,le-pack-lit-cachemire,,,708.7,708.7,,708.7,,,,outofstock,,,,,,29603,"29564,29565,29566",https://inayya.re//wp-content/uploads/2026/02/b_voici_le_logo_a_mett.png,,"a:2:{s:7:""matelas"";a:6:{s:4:""name"";s:7:""Matelas"";s:5:""value"";s:11:""Matelas+Lit"";s:8:""position"";i:0;s:10:""is_visible"";i:1;s:12:""is_variation"";i:1;s:11:""is_taxonomy"";i:0;}s:12:""pa_dimension"";a:6:{s:4:""name"";s:12:""pa_dimension"";s:5:""value"";s:0:"""";s:8:""position"";i:1;s:10:""is_visible"";i:1;s:12:""is_variation"";i:1;s:11:""is_taxonomy"";i:1;}}",Packs,,Matelas: Matelas+Lit
35643,0,product,Matelas Inayya Confort Rest - 90x190,"Confort, fraîcheur et soutien pour des nuits parfaites

Transformez vos nuits en une véritable expérience de détente avec le Matelas Confort Rest. Grâce à son accueil moelleux, sa technologie à mémoire de forme infusée de gel et son soutien précis assuré par des ressorts ensachés, il vous offre l’équilibre idéal entre douceur et maintien.","<h1>Matelas Confort Rest</h1>
Confort, fraîcheur et soutien pour des nuits parfaites

Transformez vos nuits en une véritable expérience de détente avec le Matelas Confort Rest. Grâce à son accueil moelleux, sa technologie à mémoire de forme infusée de gel et son soutien précis assuré par des ressorts ensachés, il vous offre l’équilibre idéal entre douceur et maintien.
<h2>Pourquoi choisir le Confort Rest ?</h2>
<ul>
 	<li>✨ Un sommeil frais et réparateur</li>
</ul>
- Tissu respirant et rafraîchissant qui régule la température et limite la transpiration nocturne.
- Mousse à mémoire de forme avec gel pour un effet rafraîchissant et un confort enveloppant.
- Mousse convolutée “egg crate” qui favorise la circulation de l’air et ajoute du moelleux.
<ul>
 	<li>✨ Un soutien adapté à chaque dormeur</li>
</ul>
- Ressorts ensachés indépendants qui épousent chaque zone de votre corps.
- Maintien parfait de la colonne vertébrale et réduction des transferts de mouvement : idéal pour dormir à deux.
<ul>
 	<li>✨ Qualité et praticité au quotidien</li>
</ul>
- Livraison roulée en boîte : simple à transporter et à installer, même dans les espaces réduits.
- Finitions haut de gamme avec tissus doux et résistants.
- Sécurité et santé garanties : mousses certifiées CertiPUR-US et OEKO-TEX Standard 100, sans substances nocives.
<h2>Les avantages du Confort Rest en résumé :</h2>
- Accueil moelleux et frais 🌬️
- Soutien précis et ergonomique ⚖️
- Idéal pour les couples 💑
- Installation facile 📦
- Certifié sain et durable 🌱

👉 Disponible en plusieurs dimensions pour s’adapter à votre chambre et à votre style de vie.",private,2026-06-02 17:46:26,https://inayya.re//produit/matelas-inayya-confort-rest-90x190,matelas-inayya-confort-rest-90x190,,,224.25,299,224.25,224.25,,,,outofstock,,,,,,29609,"29611,29612,29613,29614,29615,29616,29617,29618,29619,29620,29621",https://inayya.re//wp-content/uploads/2026/02/bj-1.jpg,,,"Matelas, Matelas Inayya Confort Rest",,
35644,0,product,Matelas Inayya Confort Rest - 120x190,"Confort, fraîcheur et soutien pour des nuits parfaites

Transformez vos nuits en une véritable expérience de détente avec le Matelas Confort Rest. Grâce à son accueil moelleux, sa technologie à mémoire de forme infusée de gel et son soutien précis assuré par des ressorts ensachés, il vous offre l’équilibre idéal entre douceur et maintien.","Confort, fraîcheur et soutien pour des nuits parfaites

Transformez vos nuits en une véritable expérience de détente avec le Matelas Confort Rest. Grâce à son accueil moelleux, sa technologie à mémoire de forme infusée de gel et son soutien précis assuré par des ressorts ensachés, il vous offre l’équilibre idéal entre douceur et maintien.
<h2>Pourquoi choisir le Confort Rest ?</h2>
<ul>
 	<li>✨ Un sommeil frais et réparateur</li>
</ul>
- Tissu respirant et rafraîchissant qui régule la température et limite la transpiration nocturne.
- Mousse à mémoire de forme avec gel pour un effet rafraîchissant et un confort enveloppant.
- Mousse convolutée “egg crate” qui favorise la circulation de l’air et ajoute du moelleux.
<ul>
 	<li>✨ Un soutien adapté à chaque dormeur</li>
</ul>
- Ressorts ensachés indépendants qui épousent chaque zone de votre corps.
- Maintien parfait de la colonne vertébrale et réduction des transferts de mouvement : idéal pour dormir à deux.
<ul>
 	<li>✨ Qualité et praticité au quotidien</li>
</ul>
- Livraison roulée en boîte : simple à transporter et à installer, même dans les espaces réduits.
- Finitions haut de gamme avec tissus doux et résistants.
- Sécurité et santé garanties : mousses certifiées CertiPUR-US et OEKO-TEX Standard 100, sans substances nocives.
<h2>Les avantages du Confort Rest en résumé :</h2>
- Accueil moelleux et frais 🌬️
- Soutien précis et ergonomique ⚖️
- Idéal pour les couples 💑
- Installation facile 📦
- Certifié sain et durable 🌱

👉 Disponible en plusieurs dimensions pour s’adapter à votre chambre et à votre style de vie.",private,2026-06-02 17:46:26,https://inayya.re//produit/matelas-inayya-confort-rest-120x190,matelas-inayya-confort-rest-120x190,,,284.25,379,284.25,284.25,,,,outofstock,,,,,,29609,"29621,29620,29619,29618,29617,29616,29615,29614,29613,29612,29611",https://inayya.re//wp-content/uploads/2026/02/bj-1.jpg,,,Matelas,,
35645,0,product,Matelas Confort Rest - 140x190,"Confort, fraîcheur et soutien pour des nuits parfaites

Transformez vos nuits en une véritable expérience de détente avec le Matelas Confort Rest. Grâce à son accueil moelleux, sa technologie à mémoire de forme infusée de gel et son soutien précis assuré par des ressorts ensachés, il vous offre l’équilibre idéal entre douceur et maintien.","Confort, fraîcheur et soutien pour des nuits parfaites

Transformez vos nuits en une véritable expérience de détente avec le Matelas Confort Rest. Grâce à son accueil moelleux, sa technologie à mémoire de forme infusée de gel et son soutien précis assuré par des ressorts ensachés, il vous offre l’équilibre idéal entre douceur et maintien.
<h2>Pourquoi choisir le Confort Rest ?</h2>
<ul>
 	<li>✨ Un sommeil frais et réparateur</li>
</ul>
- Tissu respirant et rafraîchissant qui régule la température et limite la transpiration nocturne.
- Mousse à mémoire de forme avec gel pour un effet rafraîchissant et un confort enveloppant.
- Mousse convolutée “egg crate” qui favorise la circulation de l’air et ajoute du moelleux.
<ul>
 	<li>✨ Un soutien adapté à chaque dormeur</li>
</ul>
- Ressorts ensachés indépendants qui épousent chaque zone de votre corps.
- Maintien parfait de la colonne vertébrale et réduction des transferts de mouvement : idéal pour dormir à deux.
<ul>
 	<li>✨ Qualité et praticité au quotidien</li>
</ul>
- Livraison roulée en boîte : simple à transporter et à installer, même dans les espaces réduits.
- Finitions haut de gamme avec tissus doux et résistants.
- Sécurité et santé garanties : mousses certifiées CertiPUR-US et OEKO-TEX Standard 100, sans substances nocives.
<h2>Les avantages du Confort Rest en résumé :</h2>
- Accueil moelleux et frais 🌬️
- Soutien précis et ergonomique ⚖️
- Idéal pour les couples 💑
- Installation facile 📦
- Certifié sain et durable 🌱

👉 Disponible en plusieurs dimensions pour s’adapter à votre chambre et à votre style de vie.",private,2026-06-02 17:46:26,https://inayya.re//produit/matelas-confort-rest-140x190,matelas-confort-rest-140x190,,,314.25,419,314.25,314.25,,,,instock,,,,,,29646,"29621,29620,29619,29618,29617,29616,29615,29614,29613,29612,29611",https://inayya.re//wp-content/uploads/2026/02/bj-2.jpg,,,"Matelas, Matelas Inayya Confort Rest",,
35646,0,product,Matelas Inayya Confort Rest - 160x200,"Confort, fraîcheur et soutien pour des nuits parfaites

Transformez vos nuits en une véritable expérience de détente avec le Matelas Confort Rest. Grâce à son accueil moelleux, sa technologie à mémoire de forme infusée de gel et son soutien précis assuré par des ressorts ensachés, il vous offre l’équilibre idéal entre douceur et maintien.","<h1>Matelas Confort Rest</h1>
Confort, fraîcheur et soutien pour des nuits parfaites

Transformez vos nuits en une véritable expérience de détente avec le Matelas Confort Rest. Grâce à son accueil moelleux, sa technologie à mémoire de forme infusée de gel et son soutien précis assuré par des ressorts ensachés, il vous offre l’équilibre idéal entre douceur et maintien.
<h2>Pourquoi choisir le Confort Rest ?</h2>
<ul>
 	<li>✨ Un sommeil frais et réparateur</li>
</ul>
- Tissu respirant et rafraîchissant qui régule la température et limite la transpiration nocturne.
- Mousse à mémoire de forme avec gel pour un effet rafraîchissant et un confort enveloppant.
- Mousse convolutée “egg crate” qui favorise la circulation de l’air et ajoute du moelleux.
<ul>
 	<li>✨ Un soutien adapté à chaque dormeur</li>
</ul>
- Ressorts ensachés indépendants qui épousent chaque zone de votre corps.
- Maintien parfait de la colonne vertébrale et réduction des transferts de mouvement : idéal pour dormir à deux.
<ul>
 	<li>✨ Qualité et praticité au quotidien</li>
</ul>
- Livraison roulée en boîte : simple à transporter et à installer, même dans les espaces réduits.
- Finitions haut de gamme avec tissus doux et résistants.
- Sécurité et santé garanties : mousses certifiées CertiPUR-US et OEKO-TEX Standard 100, sans substances nocives.
<h2>Les avantages du Confort Rest en résumé :</h2>
- Accueil moelleux et frais 🌬️
- Soutien précis et ergonomique ⚖️
- Idéal pour les couples 💑
- Installation facile 📦
- Certifié sain et durable 🌱

👉 Disponible en plusieurs dimensions pour s’adapter à votre chambre et à votre style de vie.",private,2026-06-02 17:46:26,https://inayya.re//produit/matelas-inayya-confort-rest-160x200,matelas-inayya-confort-rest-160x200,,,359.25,479,359.25,359.25,,,,instock,,,,,,29646,"29621,29620,29619,29618,29617,29616,29615,29614,29613,29612,29611",https://inayya.re//wp-content/uploads/2026/02/bj-2.jpg,,,"Matelas, Matelas Inayya Confort Rest",,
35647,0,product,Matelas Inayya Confort Rest - 180x200,"Confort, fraîcheur et soutien pour des nuits parfaites

Transformez vos nuits en une véritable expérience de détente avec le Matelas Confort Rest. Grâce à son accueil moelleux, sa technologie à mémoire de forme infusée de gel et son soutien précis assuré par des ressorts ensachés, il vous offre l’équilibre idéal entre douceur et maintien.","<h1>Matelas Confort Rest</h1>
Confort, fraîcheur et soutien pour des nuits parfaites

Transformez vos nuits en une véritable expérience de détente avec le Matelas Confort Rest. Grâce à son accueil moelleux, sa technologie à mémoire de forme infusée de gel et son soutien précis assuré par des ressorts ensachés, il vous offre l’équilibre idéal entre douceur et maintien.
<h2>Pourquoi choisir le Confort Rest ?</h2>
<ul>
 	<li>✨ Un sommeil frais et réparateur</li>
</ul>
- Tissu respirant et rafraîchissant qui régule la température et limite la transpiration nocturne.
- Mousse à mémoire de forme avec gel pour un effet rafraîchissant et un confort enveloppant.
- Mousse convolutée “egg crate” qui favorise la circulation de l’air et ajoute du moelleux.
<ul>
 	<li>✨ Un soutien adapté à chaque dormeur</li>
</ul>
- Ressorts ensachés indépendants qui épousent chaque zone de votre corps.
- Maintien parfait de la colonne vertébrale et réduction des transferts de mouvement : idéal pour dormir à deux.
<ul>
 	<li>✨ Qualité et praticité au quotidien</li>
</ul>
- Livraison roulée en boîte : simple à transporter et à installer, même dans les espaces réduits.
- Finitions haut de gamme avec tissus doux et résistants.
- Sécurité et santé garanties : mousses certifiées CertiPUR-US et OEKO-TEX Standard 100, sans substances nocives.
<h2>Les avantages du Confort Rest en résumé :</h2>
- Accueil moelleux et frais 🌬️
- Soutien précis et ergonomique ⚖️
- Idéal pour les couples 💑
- Installation facile 📦
- Certifié sain et durable 🌱

👉 Disponible en plusieurs dimensions pour s’adapter à votre chambre et à votre style de vie.",private,2026-06-02 17:46:26,https://inayya.re//produit/matelas-inayya-confort-rest-180x200,matelas-inayya-confort-rest-180x200,,,411.75,549,411.75,411.75,,,,outofstock,,,,,,29646,"29621,29620,29619,29618,29617,29616,29615,29614,29613,29612,29611",https://inayya.re//wp-content/uploads/2026/02/bj-2.jpg,,,"Matelas, Matelas Inayya Confort Rest",,
35648,0,product,Matelas Inayya Confort Rest - 200x200,"Confort, fraîcheur et soutien pour des nuits parfaites

Transformez vos nuits en une véritable expérience de détente avec le Matelas Confort Rest. Grâce à son accueil moelleux, sa technologie à mémoire de forme infusée de gel et son soutien précis assuré par des ressorts ensachés, il vous offre l’équilibre idéal entre douceur et maintien.","<h1>Matelas Confort Rest</h1>
Confort, fraîcheur et soutien pour des nuits parfaites

Transformez vos nuits en une véritable expérience de détente avec le Matelas Confort Rest. Grâce à son accueil moelleux, sa technologie à mémoire de forme infusée de gel et son soutien précis assuré par des ressorts ensachés, il vous offre l’équilibre idéal entre douceur et maintien.
<h2>Pourquoi choisir le Confort Rest ?</h2>
<ul>
 	<li>✨ Un sommeil frais et réparateur</li>
</ul>
- Tissu respirant et rafraîchissant qui régule la température et limite la transpiration nocturne.
- Mousse à mémoire de forme avec gel pour un effet rafraîchissant et un confort enveloppant.
- Mousse convolutée “egg crate” qui favorise la circulation de l’air et ajoute du moelleux.
<ul>
 	<li>✨ Un soutien adapté à chaque dormeur</li>
</ul>
- Ressorts ensachés indépendants qui épousent chaque zone de votre corps.
- Maintien parfait de la colonne vertébrale et réduction des transferts de mouvement : idéal pour dormir à deux.
<ul>
 	<li>✨ Qualité et praticité au quotidien</li>
</ul>
- Livraison roulée en boîte : simple à transporter et à installer, même dans les espaces réduits.
- Finitions haut de gamme avec tissus doux et résistants.
- Sécurité et santé garanties : mousses certifiées CertiPUR-US et OEKO-TEX Standard 100, sans substances nocives.
<h2>Les avantages du Confort Rest en résumé :</h2>
- Accueil moelleux et frais 🌬️
- Soutien précis et ergonomique ⚖️
- Idéal pour les couples 💑
- Installation facile 📦
- Certifié sain et durable 🌱

👉 Disponible en plusieurs dimensions pour s’adapter à votre chambre et à votre style de vie.",private,2026-06-02 17:46:26,https://inayya.re//produit/matelas-inayya-confort-rest-200x200,matelas-inayya-confort-rest-200x200,,,449.25,599,449.25,449.25,,,,instock,,,,,,29646,"29621,29620,29619,29618,29617,29616,29615,29614,29613,29612,29611",https://inayya.re//wp-content/uploads/2026/02/bj-2.jpg,,,"Matelas, Matelas Inayya Confort Rest",,
35649,0,product,Pack DreamRest,,,publish,2026-06-02 17:46:26,https://inayya.re//produit/pack-dreamrest,pack-dreamrest,,,,,,948.8,541.6,1397.6,,instock,,,,,,29646,,https://inayya.re//wp-content/uploads/2026/02/bj-2.jpg,,"a:2:{s:7:""matelas"";a:6:{s:4:""name"";s:7:""Matelas"";s:5:""value"";s:40:""Matelas Confort Rest+2 oreillers+Sommier"";s:8:""position"";i:0;s:10:""is_visible"";i:1;s:12:""is_variation"";i:1;s:11:""is_taxonomy"";i:0;}s:9:""dimension"";a:6:{s:4:""name"";s:9:""Dimension"";s:5:""value"";s:113:""90x190cm | 120x190cm | 140x190cm | 160x200cm | 180x200cm (2 sommiers 90x200cm) | 200x200cm (2 sommiers 100x200cm)"";s:8:""position"";i:1;s:10:""is_visible"";i:1;s:12:""is_variation"";i:1;s:11:""is_taxonomy"";i:0;}}",Packs,,Matelas: Matelas Confort Rest+2 oreillers+Sommier. Dimension: 90x190cm | 120x190cm | 140x190cm | 160x200cm | 180x200cm (2 sommiers 90x200cm) | 200x200cm (2 sommiers 100x200cm)
35667,0,product,Le Pack InayyaRest,,,publish,2026-06-02 17:46:31,https://inayya.re//produit/le-pack-inayyarest,le-pack-inayyarest,,,,,,822.4,478.4,1271.2,,instock,,,,,,29652,,https://inayya.re//wp-content/uploads/2026/02/bj-3.jpg,,"a:2:{s:7:""matelas"";a:6:{s:4:""name"";s:7:""Matelas"";s:5:""value"";s:28:""Matelas Confort Rest+Sommier"";s:8:""position"";i:0;s:10:""is_visible"";i:1;s:12:""is_variation"";i:1;s:11:""is_taxonomy"";i:0;}s:10:""dimensions"";a:6:{s:4:""name"";s:10:""Dimensions"";s:5:""value"";s:113:""90x190cm | 120x190cm | 140x190cm | 160x200cm | 180x200cm (2 sommiers 90x200cm) | 200x200cm (2 sommiers 100x200cm)"";s:8:""position"";i:1;s:10:""is_visible"";i:1;s:12:""is_variation"";i:1;s:11:""is_taxonomy"";i:0;}}",Packs,,Matelas: Matelas Confort Rest+Sommier. Dimensions: 90x190cm | 120x190cm | 140x190cm | 160x200cm | 180x200cm (2 sommiers 90x200cm) | 200x200cm (2 sommiers 100x200cm)
35673,0,product,Pack Dream Lit Rest,,,publish,2026-06-02 17:46:31,https://inayya.re//produit/pack-dream-lit-rest,pack-dream-lit-rest,,,,,,908.8,820.8,908.8,,outofstock,,,,,,29652,,https://inayya.re//wp-content/uploads/2026/02/bj-3.jpg,,"a:2:{s:7:""matelas"";a:6:{s:4:""name"";s:7:""Matelas"";s:5:""value"";s:36:""Matelas Confort Rest+Lit+2 Oreillers"";s:8:""position"";i:0;s:10:""is_visible"";i:1;s:12:""is_variation"";i:1;s:11:""is_taxonomy"";i:0;}s:9:""dimension"";a:6:{s:4:""name"";s:9:""Dimension"";s:5:""value"";s:21:""140x190cm | 160x200cm"";s:8:""position"";i:1;s:10:""is_visible"";i:1;s:12:""is_variation"";i:1;s:11:""is_taxonomy"";i:0;}}",Packs,,Matelas: Matelas Confort Rest+Lit+2 Oreillers. Dimension: 140x190cm | 160x200cm
35676,0,product,Le Pack Lit Rest,,,publish,2026-06-02 17:46:31,https://inayya.re//produit/le-pack-lit-rest,le-pack-lit-rest,,,,,,782.4,694.4,782.4,,outofstock,,,,,,29646,,https://inayya.re//wp-content/uploads/2026/02/bj-2.jpg,,"a:2:{s:7:""matelas"";a:6:{s:4:""name"";s:7:""Matelas"";s:5:""value"";s:24:""Matelas Confort Rest+Lit"";s:8:""position"";i:0;s:10:""is_visible"";i:1;s:12:""is_variation"";i:1;s:11:""is_taxonomy"";i:0;}s:9:""dimension"";a:6:{s:4:""name"";s:9:""Dimension"";s:5:""value"";s:21:""140x190cm | 160x200cm"";s:8:""position"";i:1;s:10:""is_visible"";i:1;s:12:""is_variation"";i:1;s:11:""is_taxonomy"";i:0;}}",Packs,,Matelas: Matelas Confort Rest+Lit. Dimension: 140x190cm | 160x200cm
35679,0,product,Matelas  Inayya Luxury,,"Profitez d’un confort premium avec ce <strong>matelas hybride 25 cm</strong> qui associe une <strong>mousse à mémoire de forme infusée au gel</strong> et un noyau de <strong>ressorts ensachés 7 zones</strong>. Résultat : un <strong>soutien ciblé</strong> selon les zones du corps, un <strong>accueil enveloppant</strong> et une <strong>bonne ventilation</strong>, idéal pour un sommeil plus stable et plus réparateur.

<strong>Points forts</strong>
<ul>
 	<li><strong>Soutien 7 zones</strong> : maintien différencié pour un meilleur alignement du corps.</li>
 	<li><strong>Confort plus frais</strong> : la <strong>Gel Memory Foam</strong> épouse les formes et aide à limiter la sensation de chaleur.</li>
 	<li><strong>Indépendance de couchage</strong> : les ressorts ensachés réduisent la transmission des mouvements (idéal à deux).</li>
 	<li><strong>Bords renforcés</strong> : renfort périphérique (<strong>Foam Box</strong>) pour plus de stabilité sur les côtés.</li>
 	<li><strong>Finitions premium</strong> : housse en tissu tricot doux et dessous en tissu brossé.</li>
</ul>
<strong>Composition (de haut en bas)</strong>

Knit Fabric, polyester fiber, Eco PU foam, non-woven, Gel Memory Foam, Eco PU foam, pads isolants, <strong>ressorts ensachés 7 zones + renfort mousse</strong>, couches de support, tissu brossé.

<strong>Caractéristiques</strong>
<ul>
 	<li><strong>Hauteur : 25 cm</strong></li>
 	<li><strong>Tailles disponibles :</strong> 140×190 / 160×200 / 180×200</li>
</ul>",publish,2026-06-02 17:46:31,https://inayya.re//produit/matelas-inayya-luxury,matelas-inayya-luxury,,,,,,463.2,367.2,463.2,,instock,,,,,,29657,"29659,29660,29661",https://inayya.re//wp-content/uploads/2026/02/bj.jpg,,"a:9:{s:7:""tailles"";a:6:{s:4:""name"";s:7:""Tailles"";s:5:""value"";s:30:""140×190 | 160×200 | 180×200"";s:8:""position"";i:0;s:10:""is_visible"";i:1;s:12:""is_variation"";i:1;s:11:""is_taxonomy"";i:0;}s:19:""couches-principales"";a:6:{s:4:""name"";s:19:""Couches principales"";s:5:""value"";s:92:""- 3cm Mousse (20 kg/m³) - 2cm Mousse mémoire de forme (38 kg/m³) - 2cm Mousse (22 kg/m³)"";s:8:""position"";i:1;s:10:""is_visible"";i:1;s:12:""is_variation"";i:0;s:11:""is_taxonomy"";i:0;}s:22:""densite-moyenne-mousse"";a:6:{s:4:""name"";s:23:""Densité moyenne mousse"";s:5:""value"";s:13:""≈ 26 kg/m³"";s:8:""position"";i:2;s:10:""is_visible"";i:1;s:12:""is_variation"";i:0;s:11:""is_taxonomy"";i:0;}s:14:""hauteur-mousse"";a:6:{s:4:""name"";s:14:""Hauteur mousse"";s:5:""value"";s:3:""7cm"";s:8:""position"";i:3;s:10:""is_visible"";i:1;s:12:""is_variation"";i:0;s:11:""is_taxonomy"";i:0;}s:8:""ressorts"";a:6:{s:4:""name"";s:8:""Ressorts"";s:5:""value"";s:22:""18cm Ressort ensachés"";s:8:""position"";i:4;s:10:""is_visible"";i:1;s:12:""is_variation"";i:0;s:11:""is_taxonomy"";i:0;}s:11:""fil-ressort"";a:6:{s:4:""name"";s:11:""Fil ressort"";s:5:""value"";s:7:""1,8-2mm"";s:8:""position"";i:5;s:10:""is_visible"";i:1;s:12:""is_variation"";i:0;s:11:""is_taxonomy"";i:0;}s:26:""nombre-de-ressorts-140x190"";a:6:{s:4:""name"";s:28:""Nombre de Ressorts (140x190)"";s:5:""value"";s:3:""540"";s:8:""position"";i:6;s:10:""is_visible"";i:1;s:12:""is_variation"";i:0;s:11:""is_taxonomy"";i:0;}s:26:""nombre-de-ressorts-160x200"";a:6:{s:4:""name"";s:28:""Nombre de Ressorts (160x200)"";s:5:""value"";s:3:""667"";s:8:""position"";i:7;s:10:""is_visible"";i:1;s:12:""is_variation"";i:0;s:11:""is_taxonomy"";i:0;}s:26:""nombre-de-ressorts-180x200"";a:6:{s:4:""name"";s:28:""Nombre de Ressorts (180x200)"";s:5:""value"";s:3:""754"";s:8:""position"";i:8;s:10:""is_visible"";i:1;s:12:""is_variation"";i:0;s:11:""is_taxonomy"";i:0;}}","Matelas, Matelas Inayya Luxury",,"Tailles: 140×190 | 160×200 | 180×200. Couches Principales: - 3cm Mousse (20 kg/m³) - 2cm Mousse mémoire de forme (38 kg/m³) - 2cm Mousse (22 kg/m³). Densité Moyenne Mousse: ≈ 26 kg/m³. Hauteur Mousse: 7cm. Ressorts: 18cm Ressort ensachés. Fil Ressort: 1,8-2mm. Nombre De Ressorts (140x190): 540. Nombre De Ressorts (160x200): 667. Nombre De Ressorts (180x200): 754"
35680,0,product,Le Pack Inayya Luxury,,,publish,2026-06-02 17:46:31,https://inayya.re//produit/le-pack-inayya-luxury,le-pack-inayya-luxury,,,,,,862.4,726.4,1142.4,,instock,,,,,,29657,"29659,29660,29661",https://inayya.re//wp-content/uploads/2026/02/bj.jpg,,"a:2:{s:7:""matelas"";a:6:{s:4:""name"";s:7:""Matelas"";s:5:""value"";s:23:""Matelas Luxury +Sommier"";s:8:""position"";i:0;s:10:""is_visible"";i:1;s:12:""is_variation"";i:1;s:11:""is_taxonomy"";i:0;}s:9:""dimension"";a:6:{s:4:""name"";s:9:""Dimension"";s:5:""value"";s:33:""140x190cm | 160x200cm | 180x200cm"";s:8:""position"";i:1;s:10:""is_visible"";i:1;s:12:""is_variation"";i:1;s:11:""is_taxonomy"";i:0;}}","Matelas Inayya Luxury, Packs",,Matelas: Matelas Luxury +Sommier. Dimension: 140x190cm | 160x200cm | 180x200cm
35687,0,product,Matelas Inayya Éco,"<p data-start=""175"" data-end=""551"">Le <strong data-start=""178"" data-end=""200"">Matelas Inayya Eco</strong> est conçu pour offrir un <strong data-start=""226"" data-end=""248"">sommeil réparateur</strong> tout en respectant l’environnement. Grâce à ses matériaux respirants et à sa technologie de régulation thermique, il assure un <strong data-start=""376"" data-end=""413"">confort optimal en toutes saisons</strong>. Son soutien équilibré épouse naturellement le corps, réduisant les points de pression et favorisant des nuits paisibles et confortables.</p>
<p data-start=""553"" data-end=""691"">Un choix idéal pour celles et ceux qui recherchent un <strong data-start=""607"" data-end=""653"">matelas écologique, durable et confortable</strong>, adapté à tous les styles de sommeil.</p>","<p data-start=""327"" data-end=""656"">Le <strong data-start=""330"" data-end=""352"">Matelas Inayya Eco</strong> incarne une nouvelle génération de literie alliant <strong data-start=""404"" data-end=""423"">confort optimal</strong>, <strong data-start=""425"" data-end=""450"">technologie innovante</strong> et <strong data-start=""454"" data-end=""479"">engagement écologique</strong>. Conçu pour améliorer durablement la qualité du sommeil, il répond aux attentes des dormeurs recherchant un <strong data-start=""588"" data-end=""655"">matelas performant, respirant et respectueux de l’environnement</strong>.</p>
<p data-start=""658"" data-end=""814"">Grâce à sa conception intelligente, le Matelas Inayya Eco s’adapte parfaitement aux différentes morphologies et offre un soutien équilibré, nuit après nuit.</p>

<h2 data-start=""821"" data-end=""889""></h2>
<h2 data-start=""821"" data-end=""889"">Technologie Inayya Eco : Innovation, Confort et Écoresponsabilité</h2>
<p data-start=""891"" data-end=""1154"">Le Matelas Inayya Eco est fabriqué à partir de <strong data-start=""938"" data-end=""978"">matériaux soigneusement sélectionnés</strong>, alliant durabilité et performance. Chaque couche joue un rôle précis pour garantir un <strong data-start=""1066"" data-end=""1089"">soutien ergonomique</strong>, une <strong data-start=""1095"" data-end=""1125"">bonne circulation de l’air</strong> et une <strong data-start=""1133"" data-end=""1153"">longévité accrue</strong>.</p>
<p data-start=""1156"" data-end=""1275"">Cette technologie permet de réduire l’impact environnemental tout en assurant un confort haut de gamme, sans compromis.</p>
&nbsp;
<h2 data-start=""1282"" data-end=""1323"">Un Confort Adapté à Toutes les Saisons</h2>
<h3 data-start=""1325"" data-end=""1361"">🌿 Chaleur et douceur en hiver</h3>
<p data-start=""1362"" data-end=""1609"">En hiver, le Matelas Inayya Eco offre une <strong data-start=""1404"" data-end=""1438"">excellente isolation thermique</strong>. Sa structure favorise la rétention naturelle de la chaleur corporelle, créant une sensation enveloppante et réconfortante pour des nuits paisibles, même par temps froid.</p>

<h3 data-start=""1611"" data-end=""1653"">❄️ Fraîcheur et respirabilité en été</h3>
<p data-start=""1654"" data-end=""1929"">Lorsque les températures augmentent, le Matelas Inayya Eco assure une <strong data-start=""1724"" data-end=""1757"">régulation thermique efficace</strong>. Les matériaux respirants facilitent la circulation de l’air et limitent l’accumulation de chaleur, offrant une surface de couchage fraîche et agréable, idéale pour l’été.</p>

<h2 data-start=""1936"" data-end=""1982""></h2>
<h2 data-start=""1936"" data-end=""1982"">Caractéristiques Clés du Matelas Inayya Eco</h2>
<p data-start=""1984"" data-end=""2374"">✔ <strong data-start=""1986"" data-end=""2014"">Tissu de refroidissement</strong> pour une sensation de fraîcheur durable<br data-start=""2054"" data-end=""2057"" />✔ <strong data-start=""2059"" data-end=""2093"">Revêtement intérieur respirant</strong><br data-start=""2093"" data-end=""2096"" />✔ <strong data-start=""2098"" data-end=""2134"">Mousse à mémoire de forme en gel</strong>, réduisant les points de pression<br data-start=""2168"" data-end=""2171"" />✔ <strong data-start=""2173"" data-end=""2191"">Mousse convexe</strong> pour un soutien progressif et équilibré<br data-start=""2231"" data-end=""2234"" />✔ <strong data-start=""2236"" data-end=""2260"">Mousse haute densité</strong>, garantissant maintien et durabilité<br data-start=""2297"" data-end=""2300"" />✔ <strong data-start=""2302"" data-end=""2324"">Tissu antidérapant</strong>, assurant une parfaite stabilité sur le sommier</p>

<h2 data-start=""2381"" data-end=""2424""></h2>
<h2 data-start=""2381"" data-end=""2424"">Pourquoi Choisir le Matelas Inayya Eco ?</h2>
<ul data-start=""2426"" data-end=""2604"">
 	<li data-start=""2426"" data-end=""2458"">
<p data-start=""2428"" data-end=""2458"">🌱 Matelas <strong data-start=""2439"" data-end=""2458"">éco-responsable</strong></p>
</li>
 	<li data-start=""2459"" data-end=""2494"">
<p data-start=""2461"" data-end=""2494"">😴 Confort ergonomique et durable</p>
</li>
 	<li data-start=""2495"" data-end=""2525"">
<p data-start=""2497"" data-end=""2525"">🌬️ Excellente respirabilité</p>
</li>
 	<li data-start=""2526"" data-end=""2560"">
<p data-start=""2528"" data-end=""2560"">❄️🌿 Adapté à toutes les saisons</p>
</li>
 	<li data-start=""2561"" data-end=""2604"">
<p data-start=""2563"" data-end=""2604"">🛏️ Convient à tous les types de dormeurs</p>
</li>
</ul>
<p data-start=""2606"" data-end=""2846"">Le <strong data-start=""2609"" data-end=""2631"">Matelas Inayya Eco</strong> est un choix idéal pour celles et ceux qui souhaitent investir dans un <strong data-start=""2703"" data-end=""2766"">sommeil sain, confortable et respectueux de l’environnement</strong>, avec une disponibilité en plusieurs tailles pour s’adapter à tous les besoins.</p>",publish,2026-06-02 17:46:32,https://inayya.re//produit/matelas-inayya-eco,matelas-inayya-eco,,,,,,319.2,207.2,319.2,,instock,,,,,,29693,"29693,29695,29696,29697",https://inayya.re//wp-content/uploads/2026/02/Nouvelle-generation-de-matelas-2.jpg,,"a:4:{s:7:""tailles"";a:6:{s:4:""name"";s:7:""Tailles"";s:5:""value"";s:29:""90×190 | 140×190 | 160×200"";s:8:""position"";i:0;s:10:""is_visible"";i:1;s:12:""is_variation"";i:1;s:11:""is_taxonomy"";i:0;}s:19:""couches-principales"";a:6:{s:4:""name"";s:19:""Couches principales"";s:5:""value"";s:113:""- 2cm Mousse mémoire de forme (38 kg/m³) - 6cm Mousse convolutée (24 kg/m³) - 12cm Mousse support (24 kg/m³)"";s:8:""position"";i:1;s:10:""is_visible"";i:1;s:12:""is_variation"";i:0;s:11:""is_taxonomy"";i:0;}s:22:""densite-moyenne-mousse"";a:6:{s:4:""name"";s:23:""Densité moyenne mousse"";s:5:""value"";s:13:""≈ 25 kg/m³"";s:8:""position"";i:2;s:10:""is_visible"";i:1;s:12:""is_variation"";i:0;s:11:""is_taxonomy"";i:0;}s:14:""hauteur-mousse"";a:6:{s:4:""name"";s:14:""Hauteur mousse"";s:5:""value"";s:4:""20cm"";s:8:""position"";i:3;s:10:""is_visible"";i:1;s:12:""is_variation"";i:0;s:11:""is_taxonomy"";i:0;}}","Matelas, Matelas Inayya Eco",,Tailles: 90×190 | 140×190 | 160×200. Couches Principales: - 2cm Mousse mémoire de forme (38 kg/m³) - 6cm Mousse convolutée (24 kg/m³) - 12cm Mousse support (24 kg/m³). Densité Moyenne Mousse: ≈ 25 kg/m³. Hauteur Mousse: 20cm
35691,0,product,Matelas Inayya Confort Plus,"La conception avancée de <strong>notre matelas Confort Plus</strong> garantit un soutien optimal à chaque <strong>point du corps</strong>, créant ainsi <strong>une expérience de sommeil</strong> qui va au-delà des attentes.","Optez pour <strong>l'excellence du sommeil</strong> avec notre <strong>matelas inayya confort plus 180x200 </strong>et découvrez <strong>une nouvelle dimension de confort chaque nuit.</strong>
<h4>LE  MATELAS  INAYYA CONFORT PLUS - REDÉFINISSEZ VOTRE SOMMEIL</h4>
La conception avancée de <strong>notre matelas</strong> garantit <strong>un soutien optimal</strong> à chaque <strong>point du corps</strong>, créant ainsi <strong>une expérience de sommeil</strong> qui va au-delà des attentes.

<strong>La technologie innovante </strong>de la<a href=""https://www.lalanguefrancaise.com/dictionnaire/definition/memoire-de-forme""> mousse à mémoire de forme</a> utilisée dans <strong>notre Matelas Inayya</strong> <strong>confort Plus </strong>vous offre un équilibre parfait entre <strong>fermeté et douceur</strong>, procurant ainsi une sensation de nuage sous votre corps<strong>.</strong>
<h4>MATELAS DE QUALITÉ POUR UN BIEN ÊTRE OPTIMAL</h4>
<strong>La qualité des matériaux</strong> utilisés dans le<strong> Matelas Inayya confort Plus</strong> est indéniable. Chaque fibre, chaque couture est méticuleusement sélectionnée pour assurer <strong>une durabilité à long terme</strong>. Vous investissez dans <strong>plus qu'un matelas</strong> ; vous investissez dans <strong>un compagnon de sommeil </strong>qui résistera à l'épreuve du temps, offrant ainsi <strong>un confort constant au fil des années.</strong>

En choisissant notre <strong>Matelas Inayya Confort Plus</strong>, vous faites bien plus <strong>qu'acheter un matelas</strong>. Vous investissez dans<strong> votre bien-être</strong>. Chaque nuit passée sur <strong>votre Matelas Inayya confort Plus</strong> est une nuit où <strong>le sommeil </strong>devient une<a href=""https://inayya.re/6-astuces-de-relaxation-propice-au-sommeil/""><strong> expérience réparatrice et revitalisante</strong></a>.

C'est une décision pour <strong>votre santé</strong>, <strong>votre confort et votre qualité de vie.</strong>
<h4>LES CARACTERISTIQUES LES PLUS PRIMÉES DU MATELAS CONFORT PLUS</h4>
Tissu jacquard épais
Revêtement intérieur
Mousse à mémoire de forme en gel avec motifs de découpe des canaux
Mousse anthracite de 9 cm avec motifs de découpe des zones
Mousse de 11 cm avec découpe
Mousse anthracite de 9 cm avec motifs de découpe par zones
Revêtement intérieur
Tissu antidérapant",publish,2026-06-02 17:46:32,https://inayya.re//produit/matelas-inayya-confort-plus,matelas-inayya-confort-plus,,,,,,792,399.2,792.0,,instock,,,,,,29698,"29700,29701,29702",https://inayya.re//wp-content/uploads/2026/02/Economisez-sur-le-Matelas-Inayya-Confort-Plus-1.jpg,,"a:4:{s:7:""tailles"";a:6:{s:4:""name"";s:7:""Tailles"";s:5:""value"";s:62:""90×190 | 120×190 | 140×190 | 160×200 | 180×200 | 200×200"";s:8:""position"";i:0;s:10:""is_visible"";i:1;s:12:""is_variation"";i:1;s:11:""is_taxonomy"";i:0;}s:19:""couches-principales"";a:6:{s:4:""name"";s:19:""Couches principales"";s:5:""value"";s:79:""-1cm Mousse mémoire de forme (38 kg/m³) -29cm mousse polyurethane (24 kg/m³)"";s:8:""position"";i:1;s:10:""is_visible"";i:1;s:12:""is_variation"";i:0;s:11:""is_taxonomy"";i:0;}s:22:""densite-moyenne-mousse"";a:6:{s:4:""name"";s:23:""Densité moyenne mousse"";s:5:""value"";s:13:""≈ 25 kg/m³"";s:8:""position"";i:2;s:10:""is_visible"";i:1;s:12:""is_variation"";i:0;s:11:""is_taxonomy"";i:0;}s:14:""hauteur-mousse"";a:6:{s:4:""name"";s:14:""Hauteur mousse"";s:5:""value"";s:4:""30cm"";s:8:""position"";i:3;s:10:""is_visible"";i:1;s:12:""is_variation"";i:0;s:11:""is_taxonomy"";i:0;}}","Matelas, Matelas Inayya Confort Plus",,Tailles: 90×190 | 120×190 | 140×190 | 160×200 | 180×200 | 200×200. Couches Principales: -1cm Mousse mémoire de forme (38 kg/m³) -29cm mousse polyurethane (24 kg/m³). Densité Moyenne Mousse: ≈ 25 kg/m³. Hauteur Mousse: 30cm
35705,0,product,Matelas Inayya Lux,"Un sommeil de qualité commence par des matériaux de qualité. Le <strong>Matelas Inayya Lux</strong> est conçu avec des matériaux de première qualité qui non seulement procurent un<strong> confort exceptionnel</strong>, mais qui résistent également à l’épreuve du temps. Chaque nuit, plongez dans <strong>le luxe</strong> des tissus soyeux et des matériaux respirants.","<div class=""et_pb_tab clearfix et_pb_active_content et-pb-active-slide"">
<div class=""et_pb_tab_content"">

Notre<strong> Matelas Inayya Lux</strong> est synonyme de confort de luxe. Chaque nuit, plongez dans une expérience de sommeil digne des plus grands palaces. La combinaison de couches de mousse viscoélastique et de ressorts ensachés crée un équilibre parfait entre soutien et douceur, assurant un <strong>repos réparateur</strong>.

L’INNOVATION DE LA TECHNOLOGIE INAYYA LUX

Le <strong>matelas  Inayya Lux </strong>va bien au-delà de la simple fonctionnalité et est doté d’une coupe spéciale en mousse de 24 cm, un chef-d'œuvre de design, avec des détails soigneusement travaillés.

Il combine les avantages de la technologie des <strong>ressorts ensachés </strong>à ceux de la <strong>mousse à mémoire de forme</strong> pour un confort optimal. Disponible dans toutes les tailles, ce type de couchage présente une excellente indépendance de couchage. Cela vous permet de bénéficier d’un<strong> bon sommeil réparateur</strong> si vous avez l’habitude de dormir à deux.

Notre matelas est composé de 3 mousses : la <a href=""https://fr.wikipedia.org/wiki/Polyur%C3%A9thane"">mousse polyuréthane</a> et une mousse à mémoire de forme de 24 cm. Des indices de fermeté élevées, alliées à la mousse d’accueil créeront une sensation unique d’un confort ferme et accueillant.

Il demeure parmi les<a href=""https://inayya.re/nos-conseils-pour-bien-choisir-un-matelas-de-qualite/""> matelas préférés des hôtels de luxe</a>, car il offre un <strong>niveau de confort adapté</strong> au plus grand nombre de dormeurs.

LES CARACTERISTIQUES LES PLUS PRIMÉES DU MATELAS INAYYA LUX

- Tissu de refroidissement
- Revêtement intérieur
- Mousse à mémoire de forme au gel de 10 cm avec découpes
- 24cm Faom avec zones découpées
- Revêtement intérieur
- Tissu antidérapant

</div>
</div>",publish,2026-06-02 17:46:37,https://inayya.re//produit/matelas-inayya-lux,matelas-inayya-lux,,,,,,499.5,224.5,499.5,,instock,,,,,,29703,"29705,29706,29707",https://inayya.re//wp-content/uploads/2026/02/3.jpg,,"a:4:{s:7:""tailles"";a:6:{s:4:""name"";s:7:""Tailles"";s:5:""value"";s:62:""90×190 | 120×190 | 140×190 | 160×200 | 180×200 | 200×200"";s:8:""position"";i:0;s:10:""is_visible"";i:1;s:12:""is_variation"";i:1;s:11:""is_taxonomy"";i:0;}s:19:""couches-principales"";a:6:{s:4:""name"";s:19:""Couches principales"";s:5:""value"";s:81:""- 6cm Mousse mémoire de forme (38 kg/m³) - 24cm mousse polyurethane (24 kg/m³)"";s:8:""position"";i:1;s:10:""is_visible"";i:1;s:12:""is_variation"";i:0;s:11:""is_taxonomy"";i:0;}s:22:""densite-moyenne-mousse"";a:6:{s:4:""name"";s:23:""Densité moyenne mousse"";s:5:""value"";s:13:""≈ 28 kg/m³"";s:8:""position"";i:2;s:10:""is_visible"";i:1;s:12:""is_variation"";i:0;s:11:""is_taxonomy"";i:0;}s:14:""hauteur-mousse"";a:6:{s:4:""name"";s:14:""Hauteur mousse"";s:5:""value"";s:4:""30cm"";s:8:""position"";i:3;s:10:""is_visible"";i:1;s:12:""is_variation"";i:0;s:11:""is_taxonomy"";i:0;}}","Matelas, Matelas Inayya Lux",,Tailles: 90×190 | 120×190 | 140×190 | 160×200 | 180×200 | 200×200. Couches Principales: - 6cm Mousse mémoire de forme (38 kg/m³) - 24cm mousse polyurethane (24 kg/m³). Densité Moyenne Mousse: ≈ 28 kg/m³. Hauteur Mousse: 30cm
35710,0,product,Matelas Inayya Confort Rest,"Transformez vos nuits en une véritable expérience de détente avec le Matelas Confort Rest. Grâce à son accueil moelleux, sa technologie à mémoire de forme infusée de gel et son soutien précis assuré par des ressorts ensachés, il vous offre l’équilibre idéal entre douceur et maintien.","<div class=""et_pb_all_tabs"">
<div class=""et_pb_tab clearfix et_pb_active_content et-pb-active-slide"">
<div class=""et_pb_tab_content"">
<h1>Matelas Confort Rest</h1>
Confort, fraîcheur et soutien pour des nuits parfaites

Transformez vos nuits en une véritable expérience de détente avec le Matelas Confort Rest. Grâce à son accueil moelleux, sa technologie à mémoire de forme infusée de gel et son soutien précis assuré par des ressorts ensachés, il vous offre l’équilibre idéal entre douceur et maintien.
<h2>Pourquoi choisir le Confort Rest ?</h2>
<ul>
 	<li>✨ Un sommeil frais et réparateur</li>
</ul>
- Tissu respirant et rafraîchissant qui régule la température et limite la transpiration nocturne.
- Mousse à mémoire de forme avec gel pour un effet rafraîchissant et un confort enveloppant.
- Mousse convolutée “egg crate” qui favorise la circulation de l’air et ajoute du moelleux.
<ul>
 	<li>✨ Un soutien adapté à chaque dormeur</li>
</ul>
- Ressorts ensachés indépendants qui épousent chaque zone de votre corps.
- Maintien parfait de la colonne vertébrale et réduction des transferts de mouvement : idéal pour dormir à deux.
<ul>
 	<li>✨ Qualité et praticité au quotidien</li>
</ul>
- Livraison roulée en boîte : simple à transporter et à installer, même dans les espaces réduits.
- Finitions haut de gamme avec tissus doux et résistants.
- Sécurité et santé garanties : mousses certifiées CertiPUR-US et OEKO-TEX Standard 100, sans substances nocives.
<h2>Les avantages du Confort Rest en résumé :</h2>
- Accueil moelleux et frais 🌬️
- Soutien précis et ergonomique ⚖️
- Idéal pour les couples 💑
- Installation facile 📦
- Certifié sain et durable 🌱

👉 Disponible en plusieurs dimensions pour s’adapter à votre chambre et à votre style de vie.

</div>
</div>
</div>",publish,2026-06-02 17:46:37,https://inayya.re//produit/matelas-inayya-confort-rest,matelas-inayya-confort-rest,,,,,,449.25,224.25,449.25,,instock,,,,,,29708,,https://inayya.re//wp-content/uploads/2026/02/bj-2-1.jpg,,"a:12:{s:7:""tailles"";a:6:{s:4:""name"";s:7:""Tailles"";s:5:""value"";s:62:""90×190 | 120×190 | 140×190 | 160×200 | 180×200 | 200×200"";s:8:""position"";i:0;s:10:""is_visible"";i:1;s:12:""is_variation"";i:1;s:11:""is_taxonomy"";i:0;}s:19:""couches-principales"";a:6:{s:4:""name"";s:19:""Couches principales"";s:5:""value"";s:82:""- 0.7cm Mousse mémoire de forme (38 kg/m³) - 3.8cm Mousse alvéolée (22 kg/m³)"";s:8:""position"";i:1;s:10:""is_visible"";i:1;s:12:""is_variation"";i:0;s:11:""is_taxonomy"";i:0;}s:22:""densite-moyenne-mousse"";a:6:{s:4:""name"";s:23:""Densité moyenne mousse"";s:5:""value"";s:13:""≈ 22 kg/m³"";s:8:""position"";i:2;s:10:""is_visible"";i:1;s:12:""is_variation"";i:0;s:11:""is_taxonomy"";i:0;}s:14:""hauteur-mousse"";a:6:{s:4:""name"";s:14:""Hauteur mousse"";s:5:""value"";s:5:""4,5cm"";s:8:""position"";i:3;s:10:""is_visible"";i:1;s:12:""is_variation"";i:0;s:11:""is_taxonomy"";i:0;}s:8:""ressorts"";a:6:{s:4:""name"";s:8:""Ressorts"";s:5:""value"";s:22:""25cm Ressort ensachés"";s:8:""position"";i:4;s:10:""is_visible"";i:1;s:12:""is_variation"";i:0;s:11:""is_taxonomy"";i:0;}s:11:""fil-ressort"";a:6:{s:4:""name"";s:11:""Fil ressort"";s:5:""value"";s:5:""1,9mm"";s:8:""position"";i:5;s:10:""is_visible"";i:1;s:12:""is_variation"";i:0;s:11:""is_taxonomy"";i:0;}s:25:""nombre-de-ressorts-90x190"";a:6:{s:4:""name"";s:27:""Nombre de Ressorts (90x190)"";s:5:""value"";s:3:""364"";s:8:""position"";i:6;s:10:""is_visible"";i:1;s:12:""is_variation"";i:0;s:11:""is_taxonomy"";i:0;}s:26:""nombre-de-ressorts-120x190"";a:6:{s:4:""name"";s:28:""Nombre de Ressorts (120x190)"";s:5:""value"";s:3:""504"";s:8:""position"";i:7;s:10:""is_visible"";i:1;s:12:""is_variation"";i:0;s:11:""is_taxonomy"";i:0;}s:26:""nombre-de-ressorts-140x190"";a:6:{s:4:""name"";s:28:""Nombre de Ressorts (140x190)"";s:5:""value"";s:3:""588"";s:8:""position"";i:8;s:10:""is_visible"";i:1;s:12:""is_variation"";i:0;s:11:""is_taxonomy"";i:0;}s:25:""nombre-de-ressorts160x200"";a:6:{s:4:""name"";s:27:""Nombre de Ressorts(160x200)"";s:5:""value"";s:3:""720"";s:8:""position"";i:9;s:10:""is_visible"";i:1;s:12:""is_variation"";i:0;s:11:""is_taxonomy"";i:0;}s:26:""nombre-de-ressorts-180x200"";a:6:{s:4:""name"";s:28:""Nombre de Ressorts (180x200)"";s:5:""value"";s:3:""810"";s:8:""position"";i:10;s:10:""is_visible"";i:1;s:12:""is_variation"";i:0;s:11:""is_taxonomy"";i:0;}s:26:""nombre-de-ressorts-200x200"";a:6:{s:4:""name"";s:28:""Nombre de Ressorts (200x200)"";s:5:""value"";s:3:""900"";s:8:""position"";i:11;s:10:""is_visible"";i:1;s:12:""is_variation"";i:0;s:11:""is_taxonomy"";i:0;}}","Matelas, Matelas Inayya Confort Rest",,"Tailles: 90×190 | 120×190 | 140×190 | 160×200 | 180×200 | 200×200. Couches Principales: - 0.7cm Mousse mémoire de forme (38 kg/m³) - 3.8cm Mousse alvéolée (22 kg/m³). Densité Moyenne Mousse: ≈ 22 kg/m³. Hauteur Mousse: 4,5cm. Ressorts: 25cm Ressort ensachés. Fil Ressort: 1,9mm. Nombre De Ressorts (90x190): 364. Nombre De Ressorts (120x190): 504. Nombre De Ressorts (140x190): 588. Nombre De Ressorts(160x200): 720. Nombre De Ressorts (180x200): 810. Nombre De Ressorts (200x200): 900"
35716,0,product,Matelas Cooling,"Le <strong>matelas Inayya Cooling</strong> combine un tissu rafraîchissant avec des couches de mousse innovantes pour offrir un confort optimal et un soutien supérieur.
Profitez d’un sommeil réparateur grâce à ses ressorts ensachés et son gel Visco.","<div class=""et_pb_tab clearfix et_pb_active_content et-pb-active-slide"">
<div class=""et_pb_tab_content"">

Découvrez un confort exceptionnel avec notre matelas haute qualité. Doté d'un tissu rafraîchissant, il assure une régulation optimale de la température pour des nuits paisibles. Ce matelas intègre plusieurs couches de mousse, dont 3.8 cm de mousse convolutée pour un soutien personnalisé et 1 cm de gel Visco pour une sensation de douceur enveloppante. Les 25 cm de ressorts ensachés assurent une parfaite répartition du poids et un excellent soutien, tandis que les multiples couches de tissu non-tissé et de pads isolants garantissent durabilité et confort. Profitez d'un sommeil réparateur avec ce matelas conçu pour répondre aux plus hauts standards de qualité. <strong>Matelas Premium – Confort et Soutien Supérieur</strong> <strong>Dimensions Disponibles :</strong>
<ul>
 	<li>140x190cm</li>
 	<li>160x200cm</li>
 	<li>180x200cm</li>
</ul>
<strong>Caractéristiques :</strong>
<ul>
 	<li><strong>Hauteur :</strong> 29,8 cm</li>
 	<li><strong>Composition :</strong>
<ul>
 	<li>Tissu rafraîchissant</li>
 	<li>3,8 cm de mousse convolutée</li>
 	<li>1 cm de gel Visco</li>
 	<li>700 g de pad isolant</li>
 	<li>Ressorts ensachés de 25 cm, 65 ressorts, 1,9 mm de diamètre, sans bordure</li>
 	<li>Tissu non-tissé (NF08-032, NF120, 120 g, 100 % oléfine)</li>
</ul>
</li>
</ul>
<ul>
 	<li></li>
</ul>
<strong>Soutien de Qualité :</strong>
<ul>
 	<li><strong>Ressorts Ensachés :</strong>
<ul>
 	<li>1.9 mm de diamètre (14.5 gauge)</li>
 	<li>Nombre de ressorts : 420 à 928 selon la taille</li>
</ul>
</li>
</ul>
</div>
</div>",publish,2026-06-02 17:46:38,https://inayya.re//produit/matelas-cooling,matelas-cooling,,,,,,399.5,299.5,399.5,,instock,,,,,,29710,"29712,29713,29714",https://inayya.re//wp-content/uploads/2026/02/P2024036-8-scaled-1-scaled-1.jpg,,"a:9:{s:7:""tailles"";a:6:{s:4:""name"";s:7:""Tailles"";s:5:""value"";s:30:""140×190 | 160×200 | 180×200"";s:8:""position"";i:0;s:10:""is_visible"";i:1;s:12:""is_variation"";i:1;s:11:""is_taxonomy"";i:0;}s:19:""couches-principales"";a:6:{s:4:""name"";s:19:""Couches principales"";s:5:""value"";s:78:""-3,8cm Mousse alvéolée (20 kg/m³) -1cm Mousse mémoire de forme (38 kg/m³)"";s:8:""position"";i:1;s:10:""is_visible"";i:1;s:12:""is_variation"";i:0;s:11:""is_taxonomy"";i:0;}s:22:""densite-moyenne-mousse"";a:6:{s:4:""name"";s:23:""Densité moyenne mousse"";s:5:""value"";s:13:""≈ 24 kg/m³"";s:8:""position"";i:2;s:10:""is_visible"";i:1;s:12:""is_variation"";i:0;s:11:""is_taxonomy"";i:0;}s:14:""hauteur-mousse"";a:6:{s:4:""name"";s:14:""Hauteur mousse"";s:5:""value"";s:5:""4,8cm"";s:8:""position"";i:3;s:10:""is_visible"";i:1;s:12:""is_variation"";i:0;s:11:""is_taxonomy"";i:0;}s:8:""ressorts"";a:6:{s:4:""name"";s:8:""Ressorts"";s:5:""value"";s:22:""25cm Ressort ensachés"";s:8:""position"";i:4;s:10:""is_visible"";i:1;s:12:""is_variation"";i:0;s:11:""is_taxonomy"";i:0;}s:11:""fil-ressort"";a:6:{s:4:""name"";s:11:""Fil ressort"";s:5:""value"";s:5:""1,9mm"";s:8:""position"";i:5;s:10:""is_visible"";i:1;s:12:""is_variation"";i:0;s:11:""is_taxonomy"";i:0;}s:26:""nombre-de-ressorts-140x190"";a:6:{s:4:""name"";s:28:""Nombre de Ressorts (140x190)"";s:5:""value"";s:3:""660"";s:8:""position"";i:6;s:10:""is_visible"";i:1;s:12:""is_variation"";i:0;s:11:""is_taxonomy"";i:0;}s:26:""nombre-de-ressorts-160x200"";a:6:{s:4:""name"";s:28:""Nombre de Ressorts (160x200)"";s:5:""value"";s:3:""800"";s:8:""position"";i:7;s:10:""is_visible"";i:1;s:12:""is_variation"";i:0;s:11:""is_taxonomy"";i:0;}s:26:""nombre-de-ressorts-180x200"";a:6:{s:4:""name"";s:28:""Nombre de Ressorts (180x200)"";s:5:""value"";s:3:""896"";s:8:""position"";i:8;s:10:""is_visible"";i:1;s:12:""is_variation"";i:0;s:11:""is_taxonomy"";i:0;}}","Matelas, Matelas Cooling",,"Tailles: 140×190 | 160×200 | 180×200. Couches Principales: -3,8cm Mousse alvéolée (20 kg/m³) -1cm Mousse mémoire de forme (38 kg/m³). Densité Moyenne Mousse: ≈ 24 kg/m³. Hauteur Mousse: 4,8cm. Ressorts: 25cm Ressort ensachés. Fil Ressort: 1,9mm. Nombre De Ressorts (140x190): 660. Nombre De Ressorts (160x200): 800. Nombre De Ressorts (180x200): 896"
35719,0,product,Matelas Cachemire,"Le <strong>Matelas Inayya Cachemire</strong> allie luxe et confort grâce à sa housse en cachemire, sa mousse convolutée de 3.8 cm, et son visco gel. Avec ses ressorts ensachés de 25 cm, ce matelas offre un soutien supérieur et un confort inégalé pour des nuits reposantes.","<div class=""et_pb_tab clearfix et_pb_active_content et-pb-active-slide"">
<div class=""et_pb_tab_content"">

Découvrez le confort ultime avec le Matelas Innaya cachemire, un choix exceptionnel pour une nuit de sommeil réparatrice. Conçu avec des matériaux de haute qualité, ce matelas combine luxe et soutien pour offrir une expérience de sommeil inégalée.

<strong>Caractéristiques du produit :</strong>
<ul>
 	<li><strong>Tissu en Cachemire</strong> : La housse luxueuse en cachemire apporte une douceur inégalée et un confort supérieur, créant une surface agréable pour se reposer.</li>
 	<li><strong>Polyester Non-collé 100g</strong> : Ce matelas intègre une couche de polyester non-collé pour une douceur accrue et un soutien optimal.</li>
 	<li><strong>Mousse Convolutée de 3.8 cm</strong> : Dotée d'une densité de 1.25 lb/ft³ et d'un ILD de 14, cette mousse convolutée aide à réduire les points de pression et offre un soutien ergonomique.</li>
 	<li><strong>Visco Gel de 1 cm</strong> : Avec une densité de 2.375 lb/ft³ et un ILD de 09, la mousse viscoélastique gel procure un confort personnalisé tout en régulant la température pour une meilleure régulation thermique.</li>
 	<li><strong>Tissu Non-tissé de 40g</strong> : Une couche de tissu non-tissé contribue à la structure et à la durabilité du matelas.</li>
 	<li><strong>Pad Isolé de 700g</strong> : Ajoute une couche supplémentaire de confort et de soutien pour une sensation de luxe et de fermeté.</li>
 	<li><strong>Ressorts Ensachés de 25 cm</strong> : Le système de ressorts ensachés de 25 cm, avec 70 ressorts de diamètre 2/2.3 mm, sans bordure rigide, et les deux rangées extérieures renforcées, assure un soutien ciblé et un excellent maintien des bords.</li>
 	<li><strong>Pad Isolé de 700g</strong> : Offre un soutien supplémentaire et un confort amélioré.</li>
 	<li><strong>Non-tissé NF08-032</strong> : Ce tissu non-tissé (NF120) de 120g/m² est fabriqué à partir de 100% olefins, garantissant résistance et durabilité.</li>
</ul>
Offrez-vous le summum du confort et du soutien avec le Matelas Innaya Cashmire, et transformez vos nuits en un véritable plaisir.

</div>
</div>",publish,2026-06-02 17:46:38,https://inayya.re//produit/matelas-cachemire,matelas-cachemire,,,349.5,349.5,,349.5,,,,instock,,,,,,29745,"29747,29748,29749",https://inayya.re//wp-content/uploads/2026/02/P2024039-8-scaled-1-scaled-1.jpg,,"a:9:{s:7:""tailles"";a:6:{s:4:""name"";s:7:""Tailles"";s:5:""value"";s:30:""140×190 | 160×200 | 180×200"";s:8:""position"";i:0;s:10:""is_visible"";i:1;s:12:""is_variation"";i:1;s:11:""is_taxonomy"";i:0;}s:19:""couches-principales"";a:6:{s:4:""name"";s:19:""Couches principales"";s:5:""value"";s:79:""- 3.8cm Mousse alvéolée (20 kg/m³) -1cm Mousse mémoire de forme (38 kg/m³)"";s:8:""position"";i:1;s:10:""is_visible"";i:1;s:12:""is_variation"";i:0;s:11:""is_taxonomy"";i:0;}s:22:""densite-moyenne-mousse"";a:6:{s:4:""name"";s:23:""Densité moyenne mousse"";s:5:""value"";s:13:""≈ 24 kg/m³"";s:8:""position"";i:2;s:10:""is_visible"";i:1;s:12:""is_variation"";i:0;s:11:""is_taxonomy"";i:0;}s:14:""hauteur-mousse"";a:6:{s:4:""name"";s:14:""Hauteur mousse"";s:5:""value"";s:5:""4,8cm"";s:8:""position"";i:3;s:10:""is_visible"";i:1;s:12:""is_variation"";i:0;s:11:""is_taxonomy"";i:0;}s:8:""ressorts"";a:6:{s:4:""name"";s:8:""Ressorts"";s:5:""value"";s:22:""25cm Ressort ensachés"";s:8:""position"";i:4;s:10:""is_visible"";i:1;s:12:""is_variation"";i:0;s:11:""is_taxonomy"";i:0;}s:11:""fil-ressort"";a:6:{s:4:""name"";s:11:""Fil ressort"";s:5:""value"";s:9:""2,2-2,3mm"";s:8:""position"";i:5;s:10:""is_visible"";i:1;s:12:""is_variation"";i:0;s:11:""is_taxonomy"";i:0;}s:26:""nombre-de-ressorts-140x190"";a:6:{s:4:""name"";s:28:""Nombre de Ressorts (140x190)"";s:5:""value"";s:3:""660"";s:8:""position"";i:6;s:10:""is_visible"";i:1;s:12:""is_variation"";i:0;s:11:""is_taxonomy"";i:0;}s:26:""nombre-de-ressorts-160x200"";a:6:{s:4:""name"";s:28:""Nombre de Ressorts (160x200)"";s:5:""value"";s:3:""800"";s:8:""position"";i:7;s:10:""is_visible"";i:1;s:12:""is_variation"";i:0;s:11:""is_taxonomy"";i:0;}s:26:""nombre-de-ressorts-180x200"";a:6:{s:4:""name"";s:28:""Nombre de Ressorts (180x200)"";s:5:""value"";s:3:""896"";s:8:""position"";i:8;s:10:""is_visible"";i:1;s:12:""is_variation"";i:0;s:11:""is_taxonomy"";i:0;}}","Matelas, Matelas Cachemire",,"Tailles: 140×190 | 160×200 | 180×200. Couches Principales: - 3.8cm Mousse alvéolée (20 kg/m³) -1cm Mousse mémoire de forme (38 kg/m³). Densité Moyenne Mousse: ≈ 24 kg/m³. Hauteur Mousse: 4,8cm. Ressorts: 25cm Ressort ensachés. Fil Ressort: 2,2-2,3mm. Nombre De Ressorts (140x190): 660. Nombre De Ressorts (160x200): 800. Nombre De Ressorts (180x200): 896"
35723,0,product,Matelas Inayya Slumber,,"<strong>Matelas Hybride Gel Memory &amp; Ressorts Ensachés – 30 cm</strong>

Profitez d’un confort haut de gamme avec ce <strong>matelas hybride 30 cm</strong>, conçu pour associer <strong>accueil confortable</strong>, <strong>soutien précis</strong> et <strong>bonne ventilation</strong>. Sa <strong>mousse à mémoire de forme infusée au gel</strong> épouse le corps pour soulager les points de pression, tandis que les <strong>ressorts ensachés</strong> assurent un maintien point par point et une excellente indépendance de couchage.

<strong>Points forts</strong>
<ul>
 	<li><strong>Confort &amp; soulagement des points de pression</strong> : la <strong>Gel Memory Foam</strong> s’adapte aux formes du corps.</li>
 	<li><strong>Soutien point par point</strong> : les <strong>ressorts ensachés 18 cm</strong> accompagnent la posture et favorisent un bon alignement.</li>
 	<li><strong>Indépendance de couchage</strong> : limite la transmission des mouvements (idéal à deux).</li>
 	<li><strong>Bords renforcés</strong> : renfort mousse périphérique pour plus de stabilité sur les côtés.</li>
 	<li><strong>Bonne tenue sur le sommier</strong> : dessous en <strong>tissu antidérapant</strong>.</li>
</ul>
<strong>Composition</strong>
<ul>
 	<li>Tissu tricot (Knit Fabric)</li>
 	<li><strong>Gel Memory Foam : 4,5 cm</strong></li>
 	<li>Mousse de confort : 5,2 cm</li>
 	<li><strong>Ressorts ensachés : 18 cm</strong> (avec renfort mousse périphérique)</li>
 	<li>Mousse de base : 2,6 cm</li>
 	<li>Tissu antidérapant (Non-slip)</li>
</ul>
<strong>Caractéristiques</strong>
<ul>
 	<li><strong>Hauteur : 30 cm</strong></li>
</ul>
<strong>Tailles :</strong> 140×190 / 160×200 / 180×200",publish,2026-06-02 17:46:38,https://inayya.re//produit/matelas-inayya-slumber,matelas-inayya-slumber,,,,,,519.2,399.2,519.2,,instock,,,,,,29750,"29752,29753,29754,29755",https://inayya.re//wp-content/uploads/2026/02/bj-1-1.jpg,,"a:9:{s:7:""tailles"";a:6:{s:4:""name"";s:7:""Tailles"";s:5:""value"";s:27:""140x190 | 160x200 | 180x200"";s:8:""position"";i:0;s:10:""is_visible"";i:1;s:12:""is_variation"";i:1;s:11:""is_taxonomy"";i:0;}s:19:""couches-principales"";a:6:{s:4:""name"";s:19:""Couches principales"";s:5:""value"";s:105:""- 4.5cm Mousse mémoire de forme (38 kg/m³) - 5.2cm Mousse (28 kg/m³) - 2.6cm Mousse de base(24 kg/m³)"";s:8:""position"";i:1;s:10:""is_visible"";i:1;s:12:""is_variation"";i:0;s:11:""is_taxonomy"";i:0;}s:22:""densite-moyenne-mousse"";a:6:{s:4:""name"";s:23:""Densité moyenne mousse"";s:5:""value"";s:13:""≈ 35 kg/m³"";s:8:""position"";i:2;s:10:""is_visible"";i:1;s:12:""is_variation"";i:0;s:11:""is_taxonomy"";i:0;}s:14:""hauteur-mousse"";a:6:{s:4:""name"";s:14:""Hauteur mousse"";s:5:""value"";s:6:""12,3cm"";s:8:""position"";i:3;s:10:""is_visible"";i:1;s:12:""is_variation"";i:0;s:11:""is_taxonomy"";i:0;}s:8:""ressorts"";a:6:{s:4:""name"";s:8:""Ressorts"";s:5:""value"";s:22:""18cm Ressort ensachés"";s:8:""position"";i:4;s:10:""is_visible"";i:1;s:12:""is_variation"";i:0;s:11:""is_taxonomy"";i:0;}s:11:""fil-ressort"";a:6:{s:4:""name"";s:11:""Fil ressort"";s:5:""value"";s:5:""1,8mm"";s:8:""position"";i:5;s:10:""is_visible"";i:1;s:12:""is_variation"";i:0;s:11:""is_taxonomy"";i:0;}s:26:""nombre-de-ressorts-140x190"";a:6:{s:4:""name"";s:28:""Nombre de Ressorts (140x190)"";s:5:""value"";s:3:""513"";s:8:""position"";i:6;s:10:""is_visible"";i:1;s:12:""is_variation"";i:0;s:11:""is_taxonomy"";i:0;}s:26:""nombre-de-ressorts-160x200"";a:6:{s:4:""name"";s:28:""Nombre de Ressorts (160x200)"";s:5:""value"";s:3:""667"";s:8:""position"";i:7;s:10:""is_visible"";i:1;s:12:""is_variation"";i:0;s:11:""is_taxonomy"";i:0;}s:26:""nombre-de-ressorts-180x200"";a:6:{s:4:""name"";s:28:""Nombre de Ressorts (180x200)"";s:5:""value"";s:3:""754"";s:8:""position"";i:8;s:10:""is_visible"";i:1;s:12:""is_variation"";i:0;s:11:""is_taxonomy"";i:0;}}","Matelas, Matelas Inayya Slumber",,"Tailles: 140x190 | 160x200 | 180x200. Couches Principales: - 4.5cm Mousse mémoire de forme (38 kg/m³) - 5.2cm Mousse (28 kg/m³) - 2.6cm Mousse de base(24 kg/m³). Densité Moyenne Mousse: ≈ 35 kg/m³. Hauteur Mousse: 12,3cm. Ressorts: 18cm Ressort ensachés. Fil Ressort: 1,8mm. Nombre De Ressorts (140x190): 513. Nombre De Ressorts (160x200): 667. Nombre De Ressorts (180x200): 754"
35727,0,product,Le Pack Inayya Slumber,,,publish,2026-06-02 17:46:38,https://inayya.re//produit/le-pack-inayya-slumber,le-pack-inayya-slumber,,,,,,934.4,758.4,1198.4,,instock,,,,,,29750,"29752,29753,29754,29755",https://inayya.re//wp-content/uploads/2026/02/bj-1-1.jpg,,"a:2:{s:7:""matelas"";a:6:{s:4:""name"";s:7:""Matelas"";s:5:""value"";s:31:""Matelas Inayya Slumber+ Sommier"";s:8:""position"";i:0;s:10:""is_visible"";i:1;s:12:""is_variation"";i:1;s:11:""is_taxonomy"";i:0;}s:7:""tailles"";a:6:{s:4:""name"";s:7:""Tailles"";s:5:""value"";s:33:""140x190cm | 160x200cm | 180x200cm"";s:8:""position"";i:1;s:10:""is_visible"";i:1;s:12:""is_variation"";i:1;s:11:""is_taxonomy"";i:0;}}",Packs,,Matelas: Matelas Inayya Slumber+ Sommier. Tailles: 140x190cm | 160x200cm | 180x200cm
35731,0,product,Pack Dream Lit Slumber,,,publish,2026-06-02 17:46:39,https://inayya.re//produit/pack-dream-lit-slumber,pack-dream-lit-slumber,,,,,,884.8,884.8,1020.8,,outofstock,,,,,,29750,"29752,29753,29754",https://inayya.re//wp-content/uploads/2026/02/bj-1-1.jpg,,"a:2:{s:7:""matelas"";a:6:{s:4:""name"";s:7:""Matelas"";s:5:""value"";s:38:""Matelas Inayya Slumber+Lit+2 Oreillers"";s:8:""position"";i:0;s:10:""is_visible"";i:1;s:12:""is_variation"";i:1;s:11:""is_taxonomy"";i:0;}s:9:""dimension"";a:6:{s:4:""name"";s:9:""Dimension"";s:5:""value"";s:21:""140x190cm | 160x200cm"";s:8:""position"";i:1;s:10:""is_visible"";i:1;s:12:""is_variation"";i:1;s:11:""is_taxonomy"";i:0;}}",Packs,,Matelas: Matelas Inayya Slumber+Lit+2 Oreillers. Dimension: 140x190cm | 160x200cm
35741,0,product,Le Pack Lit Slumber,,,publish,2026-06-02 17:46:43,https://inayya.re//produit/le-pack-lit-slumber,le-pack-lit-slumber,,,,,,894.4,758.4,894.4,,outofstock,,,,,,29750,,https://inayya.re//wp-content/uploads/2026/02/bj-1-1.jpg,,"a:2:{s:7:""matelas"";a:6:{s:4:""name"";s:7:""Matelas"";s:5:""value"";s:20:""Matelas Slumber +Lit"";s:8:""position"";i:0;s:10:""is_visible"";i:1;s:12:""is_variation"";i:1;s:11:""is_taxonomy"";i:0;}s:9:""dimension"";a:6:{s:4:""name"";s:9:""Dimension"";s:5:""value"";s:21:""140x190cm | 160x200cm"";s:8:""position"";i:1;s:10:""is_visible"";i:1;s:12:""is_variation"";i:1;s:11:""is_taxonomy"";i:0;}}",Packs,,Matelas: Matelas Slumber +Lit. Dimension: 140x190cm | 160x200cm
35744,0,product,Pack Dream Lit Luxury,,,publish,2026-06-02 17:46:43,https://inayya.re//produit/pack-dream-lit-luxury,pack-dream-lit-luxury,,,,,,948.8,852.8,948.8,,outofstock,,,,,,29657,"29659,29660,29661",https://inayya.re//wp-content/uploads/2026/02/bj.jpg,,"a:2:{s:7:""matelas"";a:6:{s:4:""name"";s:7:""Matelas"";s:5:""value"";s:30:""Matelas Luxury+Lit+2 Oreillers"";s:8:""position"";i:0;s:10:""is_visible"";i:1;s:12:""is_variation"";i:1;s:11:""is_taxonomy"";i:0;}s:7:""tailles"";a:6:{s:4:""name"";s:7:""Tailles"";s:5:""value"";s:21:""140x190cm | 160x200cm"";s:8:""position"";i:1;s:10:""is_visible"";i:1;s:12:""is_variation"";i:1;s:11:""is_taxonomy"";i:0;}}",Packs,,Matelas: Matelas Luxury+Lit+2 Oreillers. Tailles: 140x190cm | 160x200cm
35747,0,product,Le Pack Lit Luxury,,,publish,2026-06-02 17:46:44,https://inayya.re//produit/le-pack-lit-luxury,le-pack-lit-luxury,,,,,,822.4,726.4,822.4,,outofstock,,,,,,29657,"29659,29660,29661",https://inayya.re//wp-content/uploads/2026/02/bj.jpg,,"a:2:{s:7:""matelas"";a:6:{s:4:""name"";s:7:""Matelas"";s:5:""value"";s:19:""Matelas Luxury +Lit"";s:8:""position"";i:0;s:10:""is_visible"";i:1;s:12:""is_variation"";i:1;s:11:""is_taxonomy"";i:0;}s:7:""tailles"";a:6:{s:4:""name"";s:7:""Tailles"";s:5:""value"";s:21:""140x190cm | 160x200cm"";s:8:""position"";i:1;s:10:""is_visible"";i:1;s:12:""is_variation"";i:1;s:11:""is_taxonomy"";i:0;}}",Packs,,Matelas: Matelas Luxury +Lit. Tailles: 140x190cm | 160x200cm
35750,0,product,Pack Luxury,,,publish,2026-06-02 17:46:44,https://inayya.re//produit/pack-luxury,pack-luxury,,,,,,988.8,852.8,1268.8,,instock,,,,,,29657,"29659,29660,29661",https://inayya.re//wp-content/uploads/2026/02/bj.jpg,,"a:2:{s:7:""matelas"";a:6:{s:4:""name"";s:7:""Matelas"";s:5:""value"";s:35:""Matelas Inayya Luxury + 2 Oreillers"";s:8:""position"";i:0;s:10:""is_visible"";i:1;s:12:""is_variation"";i:1;s:11:""is_taxonomy"";i:0;}s:7:""tailles"";a:6:{s:4:""name"";s:7:""Tailles"";s:5:""value"";s:33:""140x190cm | 160x200cm | 180x200cm"";s:8:""position"";i:1;s:10:""is_visible"";i:1;s:12:""is_variation"";i:1;s:11:""is_taxonomy"";i:0;}}",Packs,,Matelas: Matelas Inayya Luxury + 2 Oreillers. Tailles: 140x190cm | 160x200cm | 180x200cm
35754,0,product,Pack Slumber,,,publish,2026-06-02 17:46:44,https://inayya.re//produit/pack-slumber,pack-slumber,,,,,,884.8,884.8,1324.8,,instock,,,,,,29750,"29752,29753,29754,29755",https://inayya.re//wp-content/uploads/2026/02/bj-1-1.jpg,,"a:2:{s:7:""matelas"";a:6:{s:4:""name"";s:7:""Matelas"";s:5:""value"";s:44:""Matelas Inayya Slumber +Sommier +2 Oreillers"";s:8:""position"";i:0;s:10:""is_visible"";i:1;s:12:""is_variation"";i:1;s:11:""is_taxonomy"";i:0;}s:7:""tailles"";a:6:{s:4:""name"";s:7:""Tailles"";s:5:""value"";s:33:""140x190cm | 160x200cm | 180x200cm"";s:8:""position"";i:1;s:10:""is_visible"";i:1;s:12:""is_variation"";i:1;s:11:""is_taxonomy"";i:0;}}",Packs,,Matelas: Matelas Inayya Slumber +Sommier +2 Oreillers. Tailles: 140x190cm | 160x200cm | 180x200cm
35758,0,product,Oreiller Ergonomique,,"<strong>Oreiller Orthopédique Inayya : Révolutionnez votre sommeil</strong>

<strong>Le secret d'un réveil sans douleur</strong>

Dites adieu aux raideurs matinales et aux tensions accumulées. L'oreiller orthopédique <strong>Inayya</strong> a été spécifiquement conçu pour ceux qui souffrent d'un manque de soutien cervical ou d'une hauteur d'oreiller inadaptée. Grâce à son design ergonomique ""papillon"" breveté, il ne se contente pas de soutenir votre tête : il révolutionne votre façon de dormir en imitant parfaitement l'anatomie humaine pour un alignement naturel de la colonne vertébrale.

<strong>Une ergonomie multi-zones exclusive</strong>

Contrairement aux oreillers classiques, le modèle Inayya propose une architecture intelligente divisée en <strong>5 zones de confort</strong>. Que vous dormiez sur le dos ou sur le côté, la <strong>cavité centrale</strong> maintient votre tête, tandis que l'<strong>arche cervicale</strong> soutient la courbure de votre cou. Innovation majeure : des <strong>repose-bras étendus</strong> vous permettent de positionner vos mains librement, éliminant toute sensation de compression au niveau des épaules et des bras.

<strong>Mousse à mémoire de forme et confort ""Nuage""</strong>

Au cœur de cet oreiller se trouve une <strong>mousse à mémoire de forme haute densité</strong> qui absorbe et disperse les points de pression de manière uniforme. Elle s'adapte instantanément à votre morphologie pour une sensation de légèreté absolue. Pour parfaire cette expérience, l'oreiller est enveloppé dans un <strong>tissu ""Cool Fabric""</strong> ultra-doux et respirant. Ce revêtement technique régule la température pour vous offrir une fraîcheur constante et un contact soyeux, respectueux des peaux les plus sensibles.

<strong>Plus qu'un oreiller, un soin quotidien</strong>

Le design de l'oreiller Inayya intègre une <strong>zone de massage cervical</strong> texturée pour aider à relâcher les muscles trapèzes et le cou pendant votre sommeil. En choisissant cet oreiller, vous investissez dans une solution durable qui soulage la pression physique et mentale, transformant chaque nuit en une véritable séance de récupération. Durable, élastique et facile à entretenir, c'est l'allié indispensable pour des nuits sereines et des réveils dynamiques.

<strong>Points forts en un coup d'œil :</strong>
<ul>
 	<li><strong>Design Papillon Breveté :</strong> Soutien optimal du cou et des épaules.</li>
 	<li><strong>Zones Repose-Bras :</strong> Liberté de mouvement totale sans engourdissement.</li>
 	<li><strong>Technologie Cool Fabric :</strong> Fraîcheur durable et toucher peau-à-peau.</li>
 	<li><strong>Mousse à Rebond Lent :</strong> Adaptation morphologique précise.</li>
 	<li><strong>Compatible toutes positions :</strong> Idéal pour dormeurs sur le dos, le côté ou le ventre.</li>
</ul>",publish,2026-06-02 17:46:44,https://inayya.re//produit/oreiller-ergonomique,oreiller-ergonomique,,,63.2,79,63.2,63.2,,,,outofstock,,,,,,35764,,https://inayya.re//wp-content/uploads/2026/06/ChatGPT-Image-25-mars-2026-16_31_56.png,,,Oreillers,,
